num_poste,num_poste,nom_usuel,lat,lon,alti,aaaammjj,rr,qrr,tn,qtn,htn,qhtn,tx,qtx,htx,qhtx,tm,qtm,tntxm,qtntxm,tampli,qtampli,tnsol,qtnsol,tn50,qtn50,dg,qdg,ffm,qffm,ff2m,qff2m,fxy,qfxy,dxy,qdxy,hxy,qhxy,fxi,qfxi,dxi,qdxi,hxi,qhxi,fxi2,qfxi2,dxi2,qdxi2,hxi2,qhxi2,fxi3s,qfxi3s,dxi3s,qdxi3s,hxi3s,qhxi3s,drr,qdrr
38421002,38421002,ST-M-D'HERES-GALOCHERE,45.169167,5.768833,220,20041028,10,9,12.8,1,,,16.7,1,,,,,14.8,1,3.9,1,,,,,,,,,,,,,,,,,,,,,,,,,,,,,,,,,,,,
38421002,38421002,ST-M-D'HERES-GALOCHERE,45.169167,5.768833,220,20040208,0,9,-1,1,,,12,1,,,,,5.5,1,13,1,,,,,,,,,,,,,,,,,,,,,,,,,,,,,,,,,,,,
38421002,38421002,ST-M-D'HERES-GALOCHERE,45.169167,5.768833,220,20041101,3.8,9,10.8,1,,,13.5,1,,,,,12.2,1,2.7,1,,,,,,,,,,,,,,,,,,,,,,,,,,,,,,,,,,,,
38421002,38421002,ST-M-D'HERES-GALOCHERE,45.169167,5.768833,220,20041103,0,9,11.7,1,,,16.5,1,,,,,14.1,1,4.8,1,,,,,,,,,,,,,,,,,,,,,,,,,,,,,,,,,,,,
38421002,38421002,ST-M-D'HERES-GALOCHERE,45.169167,5.768833,220,20040117,5.9,9,4,1,,,8,1,,,,,6,1,4,1,,,,,,,,,,,,,,,,,,,,,,,,,,,,,,,,,,,,
38421002,38421002,ST-M-D'HERES-GALOCHERE,45.169167,5.768833,220,20040704,0,9,12.1,1,,,34.3,1,,,,,23.2,1,22.2,1,,,,,,,,,,,,,,,,,,,,,,,,,,,,,,,,,,,,
38421002,38421002,ST-M-D'HERES-GALOCHERE,45.169167,5.768833,220,20040112,25.5,9,6,1,,,9,1,,,,,7.5,1,3,1,,,,,,,,,,,,,,,,,,,,,,,,,,,,,,,,,,,,
38421002,38421002,ST-M-D'HERES-GALOCHERE,45.169167,5.768833,220,20040622,3,9,15.4,1,,,25.4,1,,,,,20.4,1,10,1,,,,,,,,,,,,,,,,,,,,,,,,,,,,,,,,,,,,
38421002,38421002,ST-M-D'HERES-GALOCHERE,45.169167,5.768833,220,20040620,3.5,9,14.4,1,,,23.1,1,,,,,18.8,1,8.7,1,,,,,,,,,,,,,,,,,,,,,,,,,,,,,,,,,,,,
38421002,38421002,ST-M-D'HERES-GALOCHERE,45.169167,5.768833,220,20040706,0.2,9,18,1,,,28.4,1,,,,,23.2,1,10.4,1,,,,,,,,,,,,,,,,,,,,,,,,,,,,,,,,,,,,
38421002,38421002,ST-M-D'HERES-GALOCHERE,45.169167,5.768833,220,20041205,0,9,5.3,1,,,6.7,1,,,,,6,1,1.4,1,,,,,,,,,,,,,,,,,,,,,,,,,,,,,,,,,,,,
38421002,38421002,ST-M-D'HERES-GALOCHERE,45.169167,5.768833,220,20040228,0,9,-6,1,,,7,1,,,,,0.5,1,13,1,,,,,,,,,,,,,,,,,,,,,,,,,,,,,,,,,,,,
38421002,38421002,ST-M-D'HERES-GALOCHERE,45.169167,5.768833,220,20041025,7.3,9,11.2,1,,,20.2,1,,,,,15.7,1,9,1,,,,,,,,,,,,,,,,,,,,,,,,,,,,,,,,,,,,
38421002,38421002,ST-M-D'HERES-GALOCHERE,45.169167,5.768833,220,20040924,1.9,9,14.9,1,,,19.3,1,,,,,17.1,1,4.4,1,,,,,,,,,,,,,,,,,,,,,,,,,,,,,,,,,,,,
38421002,38421002,ST-M-D'HERES-GALOCHERE,45.169167,5.768833,220,20040218,3.3,9,3,1,,,6,1,,,,,4.5,1,3,1,,,,,,,,,,,,,,,,,,,,,,,,,,,,,,,,,,,,
38421002,38421002,ST-M-D'HERES-GALOCHERE,45.169167,5.768833,220,20040315,0,9,4,1,,,21,1,,,,,12.5,1,17,1,,,,,,,,,,,,,,,,,,,,,,,,,,,,,,,,,,,,
38421002,38421002,ST-M-D'HERES-GALOCHERE,45.169167,5.768833,220,20040403,0,9,7,1,,,21,1,,,,,14,1,14,1,,,,,,,,,,,,,,,,,,,,,,,,,,,,,,,,,,,,
38421002,38421002,ST-M-D'HERES-GALOCHERE,45.169167,5.768833,220,20040115,1.1,9,3,1,,,7,1,,,,,5,1,4,1,,,,,,,,,,,,,,,,,,,,,,,,,,,,,,,,,,,,
38421002,38421002,ST-M-D'HERES-GALOCHERE,45.169167,5.768833,220,20040728,0,9,14.1,1,,,32.7,1,,,,,23.4,1,18.6,1,,,,,,,,,,,,,,,,,,,,,,,,,,,,,,,,,,,,
38421002,38421002,ST-M-D'HERES-GALOCHERE,45.169167,5.768833,220,20040314,5.7,9,6,1,,,15,1,,,,,10.5,1,9,1,,,,,,,,,,,,,,,,,,,,,,,,,,,,,,,,,,,,
38421002,38421002,ST-M-D'HERES-GALOCHERE,45.169167,5.768833,220,20041006,9.8,9,18.2,1,,,23.3,1,,,,,20.8,1,5.1,1,,,,,,,,,,,,,,,,,,,,,,,,,,,,,,,,,,,,
38421002,38421002,ST-M-D'HERES-GALOCHERE,45.169167,5.768833,220,20040716,1,9,16.8,1,,,32.6,1,,,,,24.7,1,15.8,1,,,,,,,,,,,,,,,,,,,,,,,,,,,,,,,,,,,,
38421002,38421002,ST-M-D'HERES-GALOCHERE,45.169167,5.768833,220,20040614,0,9,11.2,1,,,26.2,1,,,,,18.7,1,15,1,,,,,,,,,,,,,,,,,,,,,,,,,,,,,,,,,,,,
38421002,38421002,ST-M-D'HERES-GALOCHERE,45.169167,5.768833,220,20040606,0,9,12.8,1,,,27.3,1,,,,,20.1,1,14.5,1,,,,,,,,,,,,,,,,,,,,,,,,,,,,,,,,,,,,
38421002,38421002,ST-M-D'HERES-GALOCHERE,45.169167,5.768833,220,20040409,10,9,5,1,,,6,1,,,,,5.5,1,1,1,,,,,,,,,,,,,,,,,,,,,,,,,,,,,,,,,,,,
38421002,38421002,ST-M-D'HERES-GALOCHERE,45.169167,5.768833,220,20040601,5.4,9,14.6,1,,,20.4,1,,,,,17.5,1,5.8,1,,,,,,,,,,,,,,,,,,,,,,,,,,,,,,,,,,,,
38421002,38421002,ST-M-D'HERES-GALOCHERE,45.169167,5.768833,220,20041122,0,9,-1.5,1,,,12.7,1,,,,,5.6,1,14.2,1,,,,,,,,,,,,,,,,,,,,,,,,,,,,,,,,,,,,
38421002,38421002,ST-M-D'HERES-GALOCHERE,45.169167,5.768833,220,20040425,0,9,5.5,1,,,22.1,1,,,,,13.8,1,16.6,1,,,,,,,,,,,,,,,,,,,,,,,,,,,,,,,,,,,,
38421002,38421002,ST-M-D'HERES-GALOCHERE,45.169167,5.768833,220,20041113,0,9,2.7,1,,,10.5,1,,,,,6.6,1,7.8,1,,,,,,,,,,,,,,,,,,,,,,,,,,,,,,,,,,,,
38421002,38421002,ST-M-D'HERES-GALOCHERE,45.169167,5.768833,220,20040411,0,9,3.4,1,,,15.4,1,,,,,9.4,1,12,1,,,,,,,,,,,,,,,,,,,,,,,,,,,,,,,,,,,,
38421002,38421002,ST-M-D'HERES-GALOCHERE,45.169167,5.768833,220,20040521,7.2,9,13.4,1,,,24.9,1,,,,,19.2,1,11.5,1,,,,,,,,,,,,,,,,,,,,,,,,,,,,,,,,,,,,
38421002,38421002,ST-M-D'HERES-GALOCHERE,45.169167,5.768833,220,20040829,0,9,15.6,1,,,27.3,1,,,,,21.5,1,11.7,1,,,,,,,,,,,,,,,,,,,,,,,,,,,,,,,,,,,,
38421002,38421002,ST-M-D'HERES-GALOCHERE,45.169167,5.768833,220,20041209,0,9,3.3,1,,,5.8,1,,,,,4.6,1,2.5,1,,,,,,,,,,,,,,,,,,,,,,,,,,,,,,,,,,,,
38421002,38421002,ST-M-D'HERES-GALOCHERE,45.169167,5.768833,220,20040516,0,9,9.8,1,,,27.7,1,,,,,18.8,1,17.9,1,,,,,,,,,,,,,,,,,,,,,,,,,,,,,,,,,,,,
38421002,38421002,ST-M-D'HERES-GALOCHERE,45.169167,5.768833,220,20040504,3.8,9,12.1,1,,,19.8,1,,,,,16,1,7.7,1,,,,,,,,,,,,,,,,,,,,,,,,,,,,,,,,,,,,
38421002,38421002,ST-M-D'HERES-GALOCHERE,45.169167,5.768833,220,20041130,2.8,9,2.5,1,,,4.7,1,,,,,3.6,1,2.2,1,,,,,,,,,,,,,,,,,,,,,,,,,,,,,,,,,,,,
38421002,38421002,ST-M-D'HERES-GALOCHERE,45.169167,5.768833,220,20040530,0.2,9,11.1,1,,,28.8,1,,,,,20,1,17.7,1,,,,,,,,,,,,,,,,,,,,,,,,,,,,,,,,,,,,
38421002,38421002,ST-M-D'HERES-GALOCHERE,45.169167,5.768833,220,20041226,12,1,0.8,1,,,3,1,,,,,1.9,1,2.2,1,,,,,,,,,,,,,,,,,,,,,,,,,,,,,,,,,,,,
38421002,38421002,ST-M-D'HERES-GALOCHERE,45.169167,5.768833,220,20041030,0,9,6.1,1,,,16.8,1,,,,,11.5,1,10.7,1,,,,,,,,,,,,,,,,,,,,,,,,,,,,,,,,,,,,
38421002,38421002,ST-M-D'HERES-GALOCHERE,45.169167,5.768833,220,20040517,0,9,10.8,1,,,28.2,1,,,,,19.5,1,17.4,1,,,,,,,,,,,,,,,,,,,,,,,,,,,,,,,,,,,,
38421002,38421002,ST-M-D'HERES-GALOCHERE,45.169167,5.768833,220,20041012,2.6,9,10.1,1,,,19.7,1,,,,,14.9,1,9.6,1,,,,,,,,,,,,,,,,,,,,,,,,,,,,,,,,,,,,
38421002,38421002,ST-M-D'HERES-GALOCHERE,45.169167,5.768833,220,20040616,0,9,13.5,1,,,28.7,1,,,,,21.1,1,15.2,1,,,,,,,,,,,,,,,,,,,,,,,,,,,,,,,,,,,,
38421002,38421002,ST-M-D'HERES-GALOCHERE,45.169167,5.768833,220,20040321,1.5,9,7,1,,,20,1,,,,,13.5,1,13,1,,,,,,,,,,,,,,,,,,,,,,,,,,,,,,,,,,,,
38421002,38421002,ST-M-D'HERES-GALOCHERE,45.169167,5.768833,220,20040101,1.5,9,1,1,,,5,1,,,,,3,1,4,1,,,,,,,,,,,,,,,,,,,,,,,,,,,,,,,,,,,,
38421002,38421002,ST-M-D'HERES-GALOCHERE,45.169167,5.768833,220,20040806,0,9,19.2,1,,,31.4,1,,,,,25.3,1,12.2,1,,,,,,,,,,,,,,,,,,,,,,,,,,,,,,,,,,,,
38421002,38421002,ST-M-D'HERES-GALOCHERE,45.169167,5.768833,220,20040904,0,9,16.7,1,,,31,1,,,,,23.9,1,14.3,1,,,,,,,,,,,,,,,,,,,,,,,,,,,,,,,,,,,,
38421002,38421002,ST-M-D'HERES-GALOCHERE,45.169167,5.768833,220,20040223,0.3,9,1,1,,,3,1,,,,,2,1,2,1,,,,,,,,,,,,,,,,,,,,,,,,,,,,,,,,,,,,
38421002,38421002,ST-M-D'HERES-GALOCHERE,45.169167,5.768833,220,20040320,0.2,9,9,1,,,18,1,,,,,13.5,1,9,1,,,,,,,,,,,,,,,,,,,,,,,,,,,,,,,,,,,,
38421002,38421002,ST-M-D'HERES-GALOCHERE,45.169167,5.768833,220,20040814,0,9,15.3,1,,,27,1,,,,,21.2,1,11.7,1,,,,,,,,,,,,,,,,,,,,,,,,,,,,,,,,,,,,
38421002,38421002,ST-M-D'HERES-GALOCHERE,45.169167,5.768833,220,20040810,37.3,9,21.2,1,,,33.7,1,,,,,27.5,1,12.5,1,,,,,,,,,,,,,,,,,,,,,,,,,,,,,,,,,,,,
38421002,38421002,ST-M-D'HERES-GALOCHERE,45.169167,5.768833,220,20040325,0.4,9,3,1,,,6,1,,,,,4.5,1,3,1,,,,,,,,,,,,,,,,,,,,,,,,,,,,,,,,,,,,
38421002,38421002,ST-M-D'HERES-GALOCHERE,45.169167,5.768833,220,20041015,8.8,9,10.2,1,,,15.8,1,,,,,13,1,5.6,1,,,,,,,,,,,,,,,,,,,,,,,,,,,,,,,,,,,,
38421002,38421002,ST-M-D'HERES-GALOCHERE,45.169167,5.768833,220,20040610,0,9,15.7,1,,,34.2,1,,,,,25,1,18.5,1,,,,,,,,,,,,,,,,,,,,,,,,,,,,,,,,,,,,
38421002,38421002,ST-M-D'HERES-GALOCHERE,45.169167,5.768833,220,20040422,0,9,9.7,1,,,23.3,1,,,,,16.5,1,13.6,1,,,,,,,,,,,,,,,,,,,,,,,,,,,,,,,,,,,,
38421002,38421002,ST-M-D'HERES-GALOCHERE,45.169167,5.768833,220,20040302,0,9,-3,1,,,7,1,,,,,2,1,10,1,,,,,,,,,,,,,,,,,,,,,,,,,,,,,,,,,,,,
38421002,38421002,ST-M-D'HERES-GALOCHERE,45.169167,5.768833,220,20040310,0,9,0,1,,,7,1,,,,,3.5,1,7,1,,,,,,,,,,,,,,,,,,,,,,,,,,,,,,,,,,,,
38421002,38421002,ST-M-D'HERES-GALOCHERE,45.169167,5.768833,220,20040615,0,9,13.2,1,,,28.7,1,,,,,21,1,15.5,1,,,,,,,,,,,,,,,,,,,,,,,,,,,,,,,,,,,,
38421002,38421002,ST-M-D'HERES-GALOCHERE,45.169167,5.768833,220,20040712,2.1,9,13.4,1,,,23.6,1,,,,,18.5,1,10.2,1,,,,,,,,,,,,,,,,,,,,,,,,,,,,,,,,,,,,
38421002,38421002,ST-M-D'HERES-GALOCHERE,45.169167,5.768833,220,20041207,0,9,3.1,1,,,7.8,1,,,,,5.5,1,4.7,1,,,,,,,,,,,,,,,,,,,,,,,,,,,,,,,,,,,,
38421002,38421002,ST-M-D'HERES-GALOCHERE,45.169167,5.768833,220,20040201,0,9,0,1,,,14,1,,,,,7,1,14,1,,,,,,,,,,,,,,,,,,,,,,,,,,,,,,,,,,,,
38421002,38421002,ST-M-D'HERES-GALOCHERE,45.169167,5.768833,220,20040918,0,9,10.5,1,,,27.5,1,,,,,19,1,17,1,,,,,,,,,,,,,,,,,,,,,,,,,,,,,,,,,,,,
38421002,38421002,ST-M-D'HERES-GALOCHERE,45.169167,5.768833,220,20040723,0,9,19.2,1,,,34.1,1,,,,,26.7,1,14.9,1,,,,,,,,,,,,,,,,,,,,,,,,,,,,,,,,,,,,
38421002,38421002,ST-M-D'HERES-GALOCHERE,45.169167,5.768833,220,20041204,0,9,-0.9,1,,,9.8,1,,,,,4.5,1,10.7,1,,,,,,,,,,,,,,,,,,,,,,,,,,,,,,,,,,,,
38421002,38421002,ST-M-D'HERES-GALOCHERE,45.169167,5.768833,220,20040621,0,9,11.2,1,,,25.5,1,,,,,18.4,1,14.3,1,,,,,,,,,,,,,,,,,,,,,,,,,,,,,,,,,,,,
38421002,38421002,ST-M-D'HERES-GALOCHERE,45.169167,5.768833,220,20040514,0,9,10.7,1,,,20.5,1,,,,,15.6,1,9.8,1,,,,,,,,,,,,,,,,,,,,,,,,,,,,,,,,,,,,
38421002,38421002,ST-M-D'HERES-GALOCHERE,45.169167,5.768833,220,20041117,0,9,-3.8,1,,,9.1,1,,,,,2.7,1,12.9,1,,,,,,,,,,,,,,,,,,,,,,,,,,,,,,,,,,,,
38421002,38421002,ST-M-D'HERES-GALOCHERE,45.169167,5.768833,220,20040725,0,9,18.1,1,,,30.8,1,,,,,24.5,1,12.7,1,,,,,,,,,,,,,,,,,,,,,,,,,,,,,,,,,,,,
38421002,38421002,ST-M-D'HERES-GALOCHERE,45.169167,5.768833,220,20040911,4.4,9,16,1,,,30.4,1,,,,,23.2,1,14.4,1,,,,,,,,,,,,,,,,,,,,,,,,,,,,,,,,,,,,
38421002,38421002,ST-M-D'HERES-GALOCHERE,45.169167,5.768833,220,20040816,1.3,9,15.9,1,,,26.4,1,,,,,21.2,1,10.5,1,,,,,,,,,,,,,,,,,,,,,,,,,,,,,,,,,,,,
38421002,38421002,ST-M-D'HERES-GALOCHERE,45.169167,5.768833,220,20041002,0,9,11.5,1,,,24.7,1,,,,,18.1,1,13.2,1,,,,,,,,,,,,,,,,,,,,,,,,,,,,,,,,,,,,
38421002,38421002,ST-M-D'HERES-GALOCHERE,45.169167,5.768833,220,20041018,1.8,9,5.1,1,,,12.8,1,,,,,9,1,7.7,1,,,,,,,,,,,,,,,,,,,,,,,,,,,,,,,,,,,,
38421002,38421002,ST-M-D'HERES-GALOCHERE,45.169167,5.768833,220,20041010,12.4,9,13.7,1,,,20.6,1,,,,,17.2,1,6.9,1,,,,,,,,,,,,,,,,,,,,,,,,,,,,,,,,,,,,
38421002,38421002,ST-M-D'HERES-GALOCHERE,45.169167,5.768833,220,20040803,1.9,9,20.5,1,,,33.9,1,,,,,27.2,1,13.4,1,,,,,,,,,,,,,,,,,,,,,,,,,,,,,,,,,,,,
38421002,38421002,ST-M-D'HERES-GALOCHERE,45.169167,5.768833,220,20040329,0,9,0,1,,,20,1,,,,,10,1,20,1,,,,,,,,,,,,,,,,,,,,,,,,,,,,,,,,,,,,
38421002,38421002,ST-M-D'HERES-GALOCHERE,45.169167,5.768833,220,20041027,0,9,8.7,1,,,18.5,1,,,,,13.6,1,9.8,1,,,,,,,,,,,,,,,,,,,,,,,,,,,,,,,,,,,,
38421002,38421002,ST-M-D'HERES-GALOCHERE,45.169167,5.768833,220,20040901,0,9,11.7,1,,,27.4,1,,,,,19.6,1,15.7,1,,,,,,,,,,,,,,,,,,,,,,,,,,,,,,,,,,,,
38421002,38421002,ST-M-D'HERES-GALOCHERE,45.169167,5.768833,220,20040710,0,9,15.4,1,,,25.4,1,,,,,20.4,1,10,1,,,,,,,,,,,,,,,,,,,,,,,,,,,,,,,,,,,,
38421002,38421002,ST-M-D'HERES-GALOCHERE,45.169167,5.768833,220,20040617,0,9,14.5,1,,,29.5,1,,,,,22,1,15,1,,,,,,,,,,,,,,,,,,,,,,,,,,,,,,,,,,,,
38421002,38421002,ST-M-D'HERES-GALOCHERE,45.169167,5.768833,220,20041115,0,9,-2.5,1,,,4.4,1,,,,,1,1,6.9,1,,,,,,,,,,,,,,,,,,,,,,,,,,,,,,,,,,,,
38421002,38421002,ST-M-D'HERES-GALOCHERE,45.169167,5.768833,220,20041022,0,9,12.9,1,,,23.2,1,,,,,18.1,1,10.3,1,,,,,,,,,,,,,,,,,,,,,,,,,,,,,,,,,,,,
38421002,38421002,ST-M-D'HERES-GALOCHERE,45.169167,5.768833,220,20040222,13.8,9,6,1,,,16,1,,,,,11,1,10,1,,,,,,,,,,,,,,,,,,,,,,,,,,,,,,,,,,,,
38421002,38421002,ST-M-D'HERES-GALOCHERE,45.169167,5.768833,220,20041019,2.1,9,10.3,1,,,14.5,1,,,,,12.4,1,4.2,1,,,,,,,,,,,,,,,,,,,,,,,,,,,,,,,,,,,,
38421002,38421002,ST-M-D'HERES-GALOCHERE,45.169167,5.768833,220,20040224,0,9,-4,1,,,6,1,,,,,1,1,10,1,,,,,,,,,,,,,,,,,,,,,,,,,,,,,,,,,,,,
38421002,38421002,ST-M-D'HERES-GALOCHERE,45.169167,5.768833,220,20040919,0,9,11.7,1,,,25.4,1,,,,,18.6,1,13.7,1,,,,,,,,,,,,,,,,,,,,,,,,,,,,,,,,,,,,
38421002,38421002,ST-M-D'HERES-GALOCHERE,45.169167,5.768833,220,20040419,0,9,4.2,1,,,15.6,1,,,,,9.9,1,11.4,1,,,,,,,,,,,,,,,,,,,,,,,,,,,,,,,,,,,,
38421002,38421002,ST-M-D'HERES-GALOCHERE,45.169167,5.768833,220,20040720,3,9,19.9,1,,,28.5,1,,,,,24.2,1,8.6,1,,,,,,,,,,,,,,,,,,,,,,,,,,,,,,,,,,,,
38421002,38421002,ST-M-D'HERES-GALOCHERE,45.169167,5.768833,220,20040929,0,9,12.4,1,,,23.7,1,,,,,18.1,1,11.3,1,,,,,,,,,,,,,,,,,,,,,,,,,,,,,,,,,,,,
38421002,38421002,ST-M-D'HERES-GALOCHERE,45.169167,5.768833,220,20041228,8.8,1,0.4,1,,,2.5,1,,,,,1.5,1,2.1,1,,,,,,,,,,,,,,,,,,,,,,,,,,,,,,,,,,,,
38421002,38421002,ST-M-D'HERES-GALOCHERE,45.169167,5.768833,220,20040804,0.2,9,16.9,1,,,32.4,1,,,,,24.7,1,15.5,1,,,,,,,,,,,,,,,,,,,,,,,,,,,,,,,,,,,,
38421002,38421002,ST-M-D'HERES-GALOCHERE,45.169167,5.768833,220,20040313,13.2,9,8,1,,,11,1,,,,,9.5,1,3,1,,,,,,,,,,,,,,,,,,,,,,,,,,,,,,,,,,,,
38421002,38421002,ST-M-D'HERES-GALOCHERE,45.169167,5.768833,220,20040519,0,9,12.8,1,,,30.5,1,,,,,21.7,1,17.7,1,,,,,,,,,,,,,,,,,,,,,,,,,,,,,,,,,,,,
38421002,38421002,ST-M-D'HERES-GALOCHERE,45.169167,5.768833,220,20040718,0.1,9,14.3,1,,,31.9,1,,,,,23.1,1,17.6,1,,,,,,,,,,,,,,,,,,,,,,,,,,,,,,,,,,,,
38421002,38421002,ST-M-D'HERES-GALOCHERE,45.169167,5.768833,220,20040526,0,1,12.4,1,,,28.4,1,,,,,20.4,1,16,1,,,,,,,,,,,,,,,,,,,,,,,,,,,,,,,,,,,,
38421002,38421002,ST-M-D'HERES-GALOCHERE,45.169167,5.768833,220,20040817,23.1,9,18.2,1,,,27.8,1,,,,,23,1,9.6,1,,,,,,,,,,,,,,,,,,,,,,,,,,,,,,,,,,,,
38421002,38421002,ST-M-D'HERES-GALOCHERE,45.169167,5.768833,220,20040531,0,1,15,1,,,21.2,1,,,,,18.1,1,6.2,1,,,,,,,,,,,,,,,,,,,,,,,,,,,,,,,,,,,,
38421002,38421002,ST-M-D'HERES-GALOCHERE,45.169167,5.768833,220,20041011,0,9,11.8,1,,,20.6,1,,,,,16.2,1,8.8,1,,,,,,,,,,,,,,,,,,,,,,,,,,,,,,,,,,,,
38421002,38421002,ST-M-D'HERES-GALOCHERE,45.169167,5.768833,220,20040216,0,9,2,1,,,8,1,,,,,5,1,6,1,,,,,,,,,,,,,,,,,,,,,,,,,,,,,,,,,,,,
38421002,38421002,ST-M-D'HERES-GALOCHERE,45.169167,5.768833,220,20041111,0,9,2.4,1,,,8,1,,,,,5.2,1,5.6,1,,,,,,,,,,,,,,,,,,,,,,,,,,,,,,,,,,,,
38421002,38421002,ST-M-D'HERES-GALOCHERE,45.169167,5.768833,220,20040209,0,9,1,1,,,11,1,,,,,6,1,10,1,,,,,,,,,,,,,,,,,,,,,,,,,,,,,,,,,,,,
38421002,38421002,ST-M-D'HERES-GALOCHERE,45.169167,5.768833,220,20040204,0,9,-2,1,,,15,1,,,,,6.5,1,17,1,,,,,,,,,,,,,,,,,,,,,,,,,,,,,,,,,,,,
38421002,38421002,ST-M-D'HERES-GALOCHERE,45.169167,5.768833,220,20040307,0.7,9,3,1,,,11,1,,,,,7,1,8,1,,,,,,,,,,,,,,,,,,,,,,,,,,,,,,,,,,,,
38421002,38421002,ST-M-D'HERES-GALOCHERE,45.169167,5.768833,220,20040506,13.9,9,6.8,1,,,14.2,1,,,,,10.5,1,7.4,1,,,,,,,,,,,,,,,,,,,,,,,,,,,,,,,,,,,,
38421002,38421002,ST-M-D'HERES-GALOCHERE,45.169167,5.768833,220,20040529,0,9,10,1,,,26.8,1,,,,,18.4,1,16.8,1,,,,,,,,,,,,,,,,,,,,,,,,,,,,,,,,,,,,
38421002,38421002,ST-M-D'HERES-GALOCHERE,45.169167,5.768833,220,20041029,3,9,11.2,1,,,14.5,1,,,,,12.9,1,3.3,1,,,,,,,,,,,,,,,,,,,,,,,,,,,,,,,,,,,,
38421002,38421002,ST-M-D'HERES-GALOCHERE,45.169167,5.768833,220,20040914,2.2,9,16.4,1,,,23.2,1,,,,,19.8,1,6.8,1,,,,,,,,,,,,,,,,,,,,,,,,,,,,,,,,,,,,
38421002,38421002,ST-M-D'HERES-GALOCHERE,45.169167,5.768833,220,20040824,18.1,9,18.4,1,,,20.6,1,,,,,19.5,1,2.2,1,,,,,,,,,,,,,,,,,,,,,,,,,,,,,,,,,,,,
38421002,38421002,ST-M-D'HERES-GALOCHERE,45.169167,5.768833,220,20040811,1.3,9,20.1,1,,,31,1,,,,,25.6,1,10.9,1,,,,,,,,,,,,,,,,,,,,,,,,,,,,,,,,,,,,
38421002,38421002,ST-M-D'HERES-GALOCHERE,45.169167,5.768833,220,20040421,0,9,5.8,1,,,26.5,1,,,,,16.2,1,20.7,1,,,,,,,,,,,,,,,,,,,,,,,,,,,,,,,,,,,,
38421002,38421002,ST-M-D'HERES-GALOCHERE,45.169167,5.768833,220,20040213,0,9,-2,1,,,10,1,,,,,4,1,12,1,,,,,,,,,,,,,,,,,,,,,,,,,,,,,,,,,,,,
38421002,38421002,ST-M-D'HERES-GALOCHERE,45.169167,5.768833,220,20040130,0,9,-8,1,,,3,1,,,,,-2.5,1,11,1,,,,,,,,,,,,,,,,,,,,,,,,,,,,,,,,,,,,
38421002,38421002,ST-M-D'HERES-GALOCHERE,45.169167,5.768833,220,20040625,0,9,15.1,1,,,28.4,1,,,,,21.8,1,13.3,1,,,,,,,,,,,,,,,,,,,,,,,,,,,,,,,,,,,,
38421002,38421002,ST-M-D'HERES-GALOCHERE,45.169167,5.768833,220,20040414,0.6,9,3.1,1,,,16.4,1,,,,,9.8,1,13.3,1,,,,,,,,,,,,,,,,,,,,,,,,,,,,,,,,,,,,
38421002,38421002,ST-M-D'HERES-GALOCHERE,45.169167,5.768833,220,20040525,0,9,8.8,1,,,26.8,1,,,,,17.8,1,18,1,,,,,,,,,,,,,,,,,,,,,,,,,,,,,,,,,,,,
38421002,38421002,ST-M-D'HERES-GALOCHERE,45.169167,5.768833,220,20040524,0,9,6.2,1,,,24.2,1,,,,,15.2,1,18,1,,,,,,,,,,,,,,,,,,,,,,,,,,,,,,,,,,,,
38421002,38421002,ST-M-D'HERES-GALOCHERE,45.169167,5.768833,220,20041206,0,9,4.6,1,,,6.5,1,,,,,5.6,1,1.9,1,,,,,,,,,,,,,,,,,,,,,,,,,,,,,,,,,,,,
38421002,38421002,ST-M-D'HERES-GALOCHERE,45.169167,5.768833,220,20040713,0,9,12.2,1,,,24.1,1,,,,,18.2,1,11.9,1,,,,,,,,,,,,,,,,,,,,,,,,,,,,,,,,,,,,
38421002,38421002,ST-M-D'HERES-GALOCHERE,45.169167,5.768833,220,20040627,0,9,15.8,1,,,32.8,1,,,,,24.3,1,17,1,,,,,,,,,,,,,,,,,,,,,,,,,,,,,,,,,,,,
38421002,38421002,ST-M-D'HERES-GALOCHERE,45.169167,5.768833,220,20040828,0,9,13.5,1,,,28.1,1,,,,,20.8,1,14.6,1,,,,,,,,,,,,,,,,,,,,,,,,,,,,,,,,,,,,
38421002,38421002,ST-M-D'HERES-GALOCHERE,45.169167,5.768833,220,20040812,1.3,9,19.7,1,,,33.1,1,,,,,26.4,1,13.4,1,,,,,,,,,,,,,,,,,,,,,,,,,,,,,,,,,,,,
38421002,38421002,ST-M-D'HERES-GALOCHERE,45.169167,5.768833,220,20041218,2.6,9,2.1,1,,,7.4,1,,,,,4.8,1,5.3,1,,,,,,,,,,,,,,,,,,,,,,,,,,,,,,,,,,,,
38421002,38421002,ST-M-D'HERES-GALOCHERE,45.169167,5.768833,220,20040821,0.4,9,15.2,1,,,24.5,1,,,,,19.9,1,9.3,1,,,,,,,,,,,,,,,,,,,,,,,,,,,,,,,,,,,,
38421002,38421002,ST-M-D'HERES-GALOCHERE,45.169167,5.768833,220,20040619,0.5,9,14.6,1,,,22.7,1,,,,,18.7,1,8.1,1,,,,,,,,,,,,,,,,,,,,,,,,,,,,,,,,,,,,
38421002,38421002,ST-M-D'HERES-GALOCHERE,45.169167,5.768833,220,20040410,0.9,9,4,1,,,7,1,,,,,5.5,1,3,1,,,,,,,,,,,,,,,,,,,,,,,,,,,,,,,,,,,,
38421002,38421002,ST-M-D'HERES-GALOCHERE,45.169167,5.768833,220,20041013,1.5,9,12.5,1,,,20.8,1,,,,,16.7,1,8.3,1,,,,,,,,,,,,,,,,,,,,,,,,,,,,,,,,,,,,
38421002,38421002,ST-M-D'HERES-GALOCHERE,45.169167,5.768833,220,20040908,0,9,16.4,1,,,30.5,1,,,,,23.5,1,14.1,1,,,,,,,,,,,,,,,,,,,,,,,,,,,,,,,,,,,,
38421002,38421002,ST-M-D'HERES-GALOCHERE,45.169167,5.768833,220,20040427,0,9,9.8,1,,,23.7,1,,,,,16.8,1,13.9,1,,,,,,,,,,,,,,,,,,,,,,,,,,,,,,,,,,,,
38421002,38421002,ST-M-D'HERES-GALOCHERE,45.169167,5.768833,220,20040312,0,9,3,1,,,16,1,,,,,9.5,1,13,1,,,,,,,,,,,,,,,,,,,,,,,,,,,,,,,,,,,,
38421002,38421002,ST-M-D'HERES-GALOCHERE,45.169167,5.768833,220,20040406,6,9,5,1,,,14,1,,,,,9.5,1,9,1,,,,,,,,,,,,,,,,,,,,,,,,,,,,,,,,,,,,
38421002,38421002,ST-M-D'HERES-GALOCHERE,45.169167,5.768833,220,20040306,6.6,9,7,1,,,11,1,,,,,9,1,4,1,,,,,,,,,,,,,,,,,,,,,,,,,,,,,,,,,,,,
38421002,38421002,ST-M-D'HERES-GALOCHERE,45.169167,5.768833,220,20040921,0,9,12.1,1,,,23.7,1,,,,,17.9,1,11.6,1,,,,,,,,,,,,,,,,,,,,,,,,,,,,,,,,,,,,
38421002,38421002,ST-M-D'HERES-GALOCHERE,45.169167,5.768833,220,20041203,0,9,2.8,1,,,13,1,,,,,7.9,1,10.2,1,,,,,,,,,,,,,,,,,,,,,,,,,,,,,,,,,,,,
38421002,38421002,ST-M-D'HERES-GALOCHERE,45.169167,5.768833,220,20040505,3.4,9,9.5,1,,,16.1,1,,,,,12.8,1,6.6,1,,,,,,,,,,,,,,,,,,,,,,,,,,,,,,,,,,,,
38421002,38421002,ST-M-D'HERES-GALOCHERE,45.169167,5.768833,220,20041231,0,9,-6.7,1,,,1.9,1,,,,,-2.4,1,8.6,1,,,,,,,,,,,,,,,,,,,,,,,,,,,,,,,,,,,,
38421002,38421002,ST-M-D'HERES-GALOCHERE,45.169167,5.768833,220,20040922,0,9,10.4,1,,,21.2,1,,,,,15.8,1,10.8,1,,,,,,,,,,,,,,,,,,,,,,,,,,,,,,,,,,,,
38421002,38421002,ST-M-D'HERES-GALOCHERE,45.169167,5.768833,220,20040507,3.3,9,5.6,1,,,15.2,1,,,,,10.4,1,9.6,1,,,,,,,,,,,,,,,,,,,,,,,,,,,,,,,,,,,,
38421002,38421002,ST-M-D'HERES-GALOCHERE,45.169167,5.768833,220,20041215,0,9,-2.4,1,,,4.9,1,,,,,1.3,1,7.3,1,,,,,,,,,,,,,,,,,,,,,,,,,,,,,,,,,,,,
38421002,38421002,ST-M-D'HERES-GALOCHERE,45.169167,5.768833,220,20040205,0,9,-2,1,,,15,1,,,,,6.5,1,17,1,,,,,,,,,,,,,,,,,,,,,,,,,,,,,,,,,,,,
38421002,38421002,ST-M-D'HERES-GALOCHERE,45.169167,5.768833,220,20040818,0,9,15.8,1,,,33.8,1,,,,,24.8,1,18,1,,,,,,,,,,,,,,,,,,,,,,,,,,,,,,,,,,,,
38421002,38421002,ST-M-D'HERES-GALOCHERE,45.169167,5.768833,220,20040303,0,9,-5,1,,,11,1,,,,,3,1,16,1,,,,,,,,,,,,,,,,,,,,,,,,,,,,,,,,,,,,
38421002,38421002,ST-M-D'HERES-GALOCHERE,45.169167,5.768833,220,20041105,0,9,9.9,1,,,15.5,1,,,,,12.7,1,5.6,1,,,,,,,,,,,,,,,,,,,,,,,,,,,,,,,,,,,,
38421002,38421002,ST-M-D'HERES-GALOCHERE,45.169167,5.768833,220,20041225,15.3,9,-1.4,1,,,10.5,1,,,,,4.6,1,11.9,1,,,,,,,,,,,,,,,,,,,,,,,,,,,,,,,,,,,,
38421002,38421002,ST-M-D'HERES-GALOCHERE,45.169167,5.768833,220,20040717,0,9,15,1,,,30.8,1,,,,,22.9,1,15.8,1,,,,,,,,,,,,,,,,,,,,,,,,,,,,,,,,,,,,
38421002,38421002,ST-M-D'HERES-GALOCHERE,45.169167,5.768833,220,20041208,0,9,0.2,1,,,4.7,1,,,,,2.5,1,4.5,1,,,,,,,,,,,,,,,,,,,,,,,,,,,,,,,,,,,,
38421002,38421002,ST-M-D'HERES-GALOCHERE,45.169167,5.768833,220,20040623,4.8,9,17.9,1,,,22.4,1,,,,,20.2,1,4.5,1,,,,,,,,,,,,,,,,,,,,,,,,,,,,,,,,,,,,
38421002,38421002,ST-M-D'HERES-GALOCHERE,45.169167,5.768833,220,20040420,0,9,3.4,1,,,20,1,,,,,11.7,1,16.6,1,,,,,,,,,,,,,,,,,,,,,,,,,,,,,,,,,,,,
38421002,38421002,ST-M-D'HERES-GALOCHERE,45.169167,5.768833,220,20040118,4.4,9,3,1,,,5,1,,,,,4,1,2,1,,,,,,,,,,,,,,,,,,,,,,,,,,,,,,,,,,,,
38421002,38421002,ST-M-D'HERES-GALOCHERE,45.169167,5.768833,220,20040802,0,9,20.4,1,,,38.4,1,,,,,29.4,1,18,1,,,,,,,,,,,,,,,,,,,,,,,,,,,,,,,,,,,,
38421002,38421002,ST-M-D'HERES-GALOCHERE,45.169167,5.768833,220,20040513,0,9,11.5,1,,,15.8,1,,,,,13.7,1,4.3,1,,,,,,,,,,,,,,,,,,,,,,,,,,,,,,,,,,,,
38421002,38421002,ST-M-D'HERES-GALOCHERE,45.169167,5.768833,220,20040503,2.5,9,9,1,,,18.1,1,,,,,13.6,1,9.1,1,,,,,,,,,,,,,,,,,,,,,,,,,,,,,,,,,,,,
38421002,38421002,ST-M-D'HERES-GALOCHERE,45.169167,5.768833,220,20040107,0,9,-5,1,,,7,1,,,,,1,1,12,1,,,,,,,,,,,,,,,,,,,,,,,,,,,,,,,,,,,,
38421002,38421002,ST-M-D'HERES-GALOCHERE,45.169167,5.768833,220,20040830,0,9,14.7,1,,,29.2,1,,,,,22,1,14.5,1,,,,,,,,,,,,,,,,,,,,,,,,,,,,,,,,,,,,
38421002,38421002,ST-M-D'HERES-GALOCHERE,45.169167,5.768833,220,20040509,0.9,9,6.8,1,,,14.3,1,,,,,10.6,1,7.5,1,,,,,,,,,,,,,,,,,,,,,,,,,,,,,,,,,,,,
38421002,38421002,ST-M-D'HERES-GALOCHERE,45.169167,5.768833,220,20040308,3.2,9,1,1,,,9,1,,,,,5,1,8,1,,,,,,,,,,,,,,,,,,,,,,,,,,,,,,,,,,,,
38421002,38421002,ST-M-D'HERES-GALOCHERE,45.169167,5.768833,220,20040624,0,9,15.7,1,,,28.9,1,,,,,22.3,1,13.2,1,,,,,,,,,,,,,,,,,,,,,,,,,,,,,,,,,,,,
38421002,38421002,ST-M-D'HERES-GALOCHERE,45.169167,5.768833,220,20041125,0,9,-2.3,1,,,10.4,1,,,,,4.1,1,12.7,1,,,,,,,,,,,,,,,,,,,,,,,,,,,,,,,,,,,,
38421002,38421002,ST-M-D'HERES-GALOCHERE,45.169167,5.768833,220,20040612,0,9,14.7,1,,,27.8,1,,,,,21.3,1,13.1,1,,,,,,,,,,,,,,,,,,,,,,,,,,,,,,,,,,,,
38421002,38421002,ST-M-D'HERES-GALOCHERE,45.169167,5.768833,220,20040301,0,9,-3,1,,,4,1,,,,,0.5,1,7,1,,,,,,,,,,,,,,,,,,,,,,,,,,,,,,,,,,,,
38421002,38421002,ST-M-D'HERES-GALOCHERE,45.169167,5.768833,220,20040630,0,9,14.5,1,,,34.7,1,,,,,24.6,1,20.2,1,,,,,,,,,,,,,,,,,,,,,,,,,,,,,,,,,,,,
38421002,38421002,ST-M-D'HERES-GALOCHERE,45.169167,5.768833,220,20040511,0,9,7.8,1,,,24.6,1,,,,,16.2,1,16.8,1,,,,,,,,,,,,,,,,,,,,,,,,,,,,,,,,,,,,
38421002,38421002,ST-M-D'HERES-GALOCHERE,45.169167,5.768833,220,20041114,0,9,2.1,1,,,7.7,1,,,,,4.9,1,5.6,1,,,,,,,,,,,,,,,,,,,,,,,,,,,,,,,,,,,,
38421002,38421002,ST-M-D'HERES-GALOCHERE,45.169167,5.768833,220,20040906,0.1,9,17.8,1,,,31.1,1,,,,,24.5,1,13.3,1,,,,,,,,,,,,,,,,,,,,,,,,,,,,,,,,,,,,
38421002,38421002,ST-M-D'HERES-GALOCHERE,45.169167,5.768833,220,20040219,0.1,9,0,1,,,3,1,,,,,1.5,1,3,1,,,,,,,,,,,,,,,,,,,,,,,,,,,,,,,,,,,,
38421002,38421002,ST-M-D'HERES-GALOCHERE,45.169167,5.768833,220,20040801,0,9,17.9,1,,,37.3,1,,,,,27.6,1,19.4,1,,,,,,,,,,,,,,,,,,,,,,,,,,,,,,,,,,,,
38421002,38421002,ST-M-D'HERES-GALOCHERE,45.169167,5.768833,220,20040508,12.7,9,5.8,1,,,14.6,1,,,,,10.2,1,8.8,1,,,,,,,,,,,,,,,,,,,,,,,,,,,,,,,,,,,,
38421002,38421002,ST-M-D'HERES-GALOCHERE,45.169167,5.768833,220,20041102,0.1,9,11.4,1,,,14.8,1,,,,,13.1,1,3.4,1,,,,,,,,,,,,,,,,,,,,,,,,,,,,,,,,,,,,
38421002,38421002,ST-M-D'HERES-GALOCHERE,45.169167,5.768833,220,20041007,0.3,9,14.8,1,,,21.8,1,,,,,18.3,1,7,1,,,,,,,,,,,,,,,,,,,,,,,,,,,,,,,,,,,,
38421002,38421002,ST-M-D'HERES-GALOCHERE,45.169167,5.768833,220,20041116,0,9,-4.6,1,,,7.8,1,,,,,1.6,1,12.4,1,,,,,,,,,,,,,,,,,,,,,,,,,,,,,,,,,,,,
38421002,38421002,ST-M-D'HERES-GALOCHERE,45.169167,5.768833,220,20040916,0,9,10.7,1,,,19.3,1,,,,,15,1,8.6,1,,,,,,,,,,,,,,,,,,,,,,,,,,,,,,,,,,,,
38421002,38421002,ST-M-D'HERES-GALOCHERE,45.169167,5.768833,220,20040727,0,9,15.5,1,,,30.2,1,,,,,22.9,1,14.7,1,,,,,,,,,,,,,,,,,,,,,,,,,,,,,,,,,,,,
38421002,38421002,ST-M-D'HERES-GALOCHERE,45.169167,5.768833,220,20040124,4.6,9,-3,1,,,5,1,,,,,1,1,8,1,,,,,,,,,,,,,,,,,,,,,,,,,,,,,,,,,,,,
38421002,38421002,ST-M-D'HERES-GALOCHERE,45.169167,5.768833,220,20040402,0,9,7,1,,,21,1,,,,,14,1,14,1,,,,,,,,,,,,,,,,,,,,,,,,,,,,,,,,,,,,
38421002,38421002,ST-M-D'HERES-GALOCHERE,45.169167,5.768833,220,20040702,0,9,14.7,1,,,26.6,1,,,,,20.7,1,11.9,1,,,,,,,,,,,,,,,,,,,,,,,,,,,,,,,,,,,,
38421002,38421002,ST-M-D'HERES-GALOCHERE,45.169167,5.768833,220,20040323,15.6,9,4,1,,,7,1,,,,,5.5,1,3,1,,,,,,,,,,,,,,,,,,,,,,,,,,,,,,,,,,,,
38421002,38421002,ST-M-D'HERES-GALOCHERE,45.169167,5.768833,220,20040501,0,9,10.7,1,,,20.4,1,,,,,15.6,1,9.7,1,,,,,,,,,,,,,,,,,,,,,,,,,,,,,,,,,,,,
38421002,38421002,ST-M-D'HERES-GALOCHERE,45.169167,5.768833,220,20040807,0,9,18.5,1,,,35,1,,,,,26.8,1,16.5,1,,,,,,,,,,,,,,,,,,,,,,,,,,,,,,,,,,,,
38421002,38421002,ST-M-D'HERES-GALOCHERE,45.169167,5.768833,220,20040202,0,9,-1,1,,,15,1,,,,,7,1,16,1,,,,,,,,,,,,,,,,,,,,,,,,,,,,,,,,,,,,
38421002,38421002,ST-M-D'HERES-GALOCHERE,45.169167,5.768833,220,20040721,7,9,18.1,1,,,33.5,1,,,,,25.8,1,15.4,1,,,,,,,,,,,,,,,,,,,,,,,,,,,,,,,,,,,,
38421002,38421002,ST-M-D'HERES-GALOCHERE,45.169167,5.768833,220,20040103,0,9,0,1,,,3,1,,,,,1.5,1,3,1,,,,,,,,,,,,,,,,,,,,,,,,,,,,,,,,,,,,
38421002,38421002,ST-M-D'HERES-GALOCHERE,45.169167,5.768833,220,20041118,1,9,-3.4,1,,,11.3,1,,,,,4,1,14.7,1,,,,,,,,,,,,,,,,,,,,,,,,,,,,,,,,,,,,
38421002,38421002,ST-M-D'HERES-GALOCHERE,45.169167,5.768833,220,20041223,0,9,-3.8,1,,,7.8,1,,,,,2,1,11.6,1,,,,,,,,,,,,,,,,,,,,,,,,,,,,,,,,,,,,
38421002,38421002,ST-M-D'HERES-GALOCHERE,45.169167,5.768833,220,20040127,0.6,9,2,1,,,7,1,,,,,4.5,1,5,1,,,,,,,,,,,,,,,,,,,,,,,,,,,,,,,,,,,,
38421002,38421002,ST-M-D'HERES-GALOCHERE,45.169167,5.768833,220,20041008,0,9,12.5,1,,,24.1,1,,,,,18.3,1,11.6,1,,,,,,,,,,,,,,,,,,,,,,,,,,,,,,,,,,,,
38421002,38421002,ST-M-D'HERES-GALOCHERE,45.169167,5.768833,220,20040703,0,9,12.6,1,,,27.4,1,,,,,20,1,14.8,1,,,,,,,,,,,,,,,,,,,,,,,,,,,,,,,,,,,,
38421002,38421002,ST-M-D'HERES-GALOCHERE,45.169167,5.768833,220,20040515,0,9,8.2,1,,,24.8,1,,,,,16.5,1,16.6,1,,,,,,,,,,,,,,,,,,,,,,,,,,,,,,,,,,,,
38421002,38421002,ST-M-D'HERES-GALOCHERE,45.169167,5.768833,220,20040927,0,9,7.8,1,,,21.9,1,,,,,14.9,1,14.1,1,,,,,,,,,,,,,,,,,,,,,,,,,,,,,,,,,,,,
38421002,38421002,ST-M-D'HERES-GALOCHERE,45.169167,5.768833,220,20040915,0,9,15.5,1,,,21.8,1,,,,,18.7,1,6.3,1,,,,,,,,,,,,,,,,,,,,,,,,,,,,,,,,,,,,
38421002,38421002,ST-M-D'HERES-GALOCHERE,45.169167,5.768833,220,20040129,1.2,9,-1,1,,,1,1,,,,,0,1,2,1,,,,,,,,,,,,,,,,,,,,,,,,,,,,,,,,,,,,
38421002,38421002,ST-M-D'HERES-GALOCHERE,45.169167,5.768833,220,20040122,0,9,-2,1,,,7,1,,,,,2.5,1,9,1,,,,,,,,,,,,,,,,,,,,,,,,,,,,,,,,,,,,
38421002,38421002,ST-M-D'HERES-GALOCHERE,45.169167,5.768833,220,20040109,2.9,9,2,1,,,7,1,,,,,4.5,1,5,1,,,,,,,,,,,,,,,,,,,,,,,,,,,,,,,,,,,,
38421002,38421002,ST-M-D'HERES-GALOCHERE,45.169167,5.768833,220,20040316,0,9,4,1,,,23,1,,,,,13.5,1,19,1,,,,,,,,,,,,,,,,,,,,,,,,,,,,,,,,,,,,
38421002,38421002,ST-M-D'HERES-GALOCHERE,45.169167,5.768833,220,20040401,0,9,8,1,,,22,1,,,,,15,1,14,1,,,,,,,,,,,,,,,,,,,,,,,,,,,,,,,,,,,,
38421002,38421002,ST-M-D'HERES-GALOCHERE,45.169167,5.768833,220,20040820,1,9,16.2,1,,,28.1,1,,,,,22.2,1,11.9,1,,,,,,,,,,,,,,,,,,,,,,,,,,,,,,,,,,,,
38421002,38421002,ST-M-D'HERES-GALOCHERE,45.169167,5.768833,220,20041126,0,9,-1.9,1,,,11.6,1,,,,,4.9,1,13.5,1,,,,,,,,,,,,,,,,,,,,,,,,,,,,,,,,,,,,
38421002,38421002,ST-M-D'HERES-GALOCHERE,45.169167,5.768833,220,20041121,0,9,1.6,1,,,10.5,1,,,,,6.1,1,8.9,1,,,,,,,,,,,,,,,,,,,,,,,,,,,,,,,,,,,,
38421002,38421002,ST-M-D'HERES-GALOCHERE,45.169167,5.768833,220,20040413,0,9,3.4,1,,,13.1,1,,,,,8.3,1,9.7,1,,,,,,,,,,,,,,,,,,,,,,,,,,,,,,,,,,,,
38421002,38421002,ST-M-D'HERES-GALOCHERE,45.169167,5.768833,220,20040104,0,9,-1,1,,,1,1,,,,,0,1,2,1,,,,,,,,,,,,,,,,,,,,,,,,,,,,,,,,,,,,
38421002,38421002,ST-M-D'HERES-GALOCHERE,45.169167,5.768833,220,20041129,25,9,4.5,1,,,9.4,1,,,,,7,1,4.9,1,,,,,,,,,,,,,,,,,,,,,,,,,,,,,,,,,,,,
38421002,38421002,ST-M-D'HERES-GALOCHERE,45.169167,5.768833,220,20040809,0,9,22,1,,,34.9,1,,,,,28.5,1,12.9,1,,,,,,,,,,,,,,,,,,,,,,,,,,,,,,,,,,,,
38421002,38421002,ST-M-D'HERES-GALOCHERE,45.169167,5.768833,220,20041023,0,9,10.4,1,,,24,1,,,,,17.2,1,13.6,1,,,,,,,,,,,,,,,,,,,,,,,,,,,,,,,,,,,,
38421002,38421002,ST-M-D'HERES-GALOCHERE,45.169167,5.768833,220,20041229,0,9,0.8,1,,,5,1,,,,,2.9,1,4.2,1,,,,,,,,,,,,,,,,,,,,,,,,,,,,,,,,,,,,
38421002,38421002,ST-M-D'HERES-GALOCHERE,45.169167,5.768833,220,20041109,0,9,0.7,1,,,8.2,1,,,,,4.5,1,7.5,1,,,,,,,,,,,,,,,,,,,,,,,,,,,,,,,,,,,,
38421002,38421002,ST-M-D'HERES-GALOCHERE,45.169167,5.768833,220,20040609,3.4,9,14.5,1,,,33.9,1,,,,,24.2,1,19.4,1,,,,,,,,,,,,,,,,,,,,,,,,,,,,,,,,,,,,
38421002,38421002,ST-M-D'HERES-GALOCHERE,45.169167,5.768833,220,20041024,0,9,8.5,1,,,26.4,1,,,,,17.5,1,17.9,1,,,,,,,,,,,,,,,,,,,,,,,,,,,,,,,,,,,,
38421002,38421002,ST-M-D'HERES-GALOCHERE,45.169167,5.768833,220,20041003,0,9,12.2,1,,,25.7,1,,,,,19,1,13.5,1,,,,,,,,,,,,,,,,,,,,,,,,,,,,,,,,,,,,
38421002,38421002,ST-M-D'HERES-GALOCHERE,45.169167,5.768833,220,20040221,2.4,9,3,1,,,15,1,,,,,9,1,12,1,,,,,,,,,,,,,,,,,,,,,,,,,,,,,,,,,,,,
38421002,38421002,ST-M-D'HERES-GALOCHERE,45.169167,5.768833,220,20041020,0.9,9,11.5,1,,,18.9,1,,,,,15.2,1,7.4,1,,,,,,,,,,,,,,,,,,,,,,,,,,,,,,,,,,,,
38421002,38421002,ST-M-D'HERES-GALOCHERE,45.169167,5.768833,220,20040405,0.1,9,10,1,,,17,1,,,,,13.5,1,7,1,,,,,,,,,,,,,,,,,,,,,,,,,,,,,,,,,,,,
38421002,38421002,ST-M-D'HERES-GALOCHERE,45.169167,5.768833,220,20040831,0,9,16.9,1,,,24.8,1,,,,,20.9,1,7.9,1,,,,,,,,,,,,,,,,,,,,,,,,,,,,,,,,,,,,
38421002,38421002,ST-M-D'HERES-GALOCHERE,45.169167,5.768833,220,20040724,1.5,9,20.8,1,,,29,1,,,,,24.9,1,8.2,1,,,,,,,,,,,,,,,,,,,,,,,,,,,,,,,,,,,,
38421002,38421002,ST-M-D'HERES-GALOCHERE,45.169167,5.768833,220,20040328,0,9,-1,1,,,17,1,,,,,8,1,18,1,,,,,,,,,,,,,,,,,,,,,,,,,,,,,,,,,,,,
38421002,38421002,ST-M-D'HERES-GALOCHERE,45.169167,5.768833,220,20040730,0,9,18.4,1,,,34.4,1,,,,,26.4,1,16,1,,,,,,,,,,,,,,,,,,,,,,,,,,,,,,,,,,,,
38421002,38421002,ST-M-D'HERES-GALOCHERE,45.169167,5.768833,220,20040813,0,9,15.5,1,,,27.1,1,,,,,21.3,1,11.6,1,,,,,,,,,,,,,,,,,,,,,,,,,,,,,,,,,,,,
38421002,38421002,ST-M-D'HERES-GALOCHERE,45.169167,5.768833,220,20040126,0,1,0,1,,,10,1,,,,,5,1,10,1,,,,,,,,,,,,,,,,,,,,,,,,,,,,,,,,,,,,
38421002,38421002,ST-M-D'HERES-GALOCHERE,45.169167,5.768833,220,20040719,0.2,9,18.4,1,,,34.2,1,,,,,26.3,1,15.8,1,,,,,,,,,,,,,,,,,,,,,,,,,,,,,,,,,,,,
38421002,38421002,ST-M-D'HERES-GALOCHERE,45.169167,5.768833,220,20040330,0,9,2,1,,,19,1,,,,,10.5,1,17,1,,,,,,,,,,,,,,,,,,,,,,,,,,,,,,,,,,,,
38421002,38421002,ST-M-D'HERES-GALOCHERE,45.169167,5.768833,220,20040729,0,9,16.5,1,,,34.7,1,,,,,25.6,1,18.2,1,,,,,,,,,,,,,,,,,,,,,,,,,,,,,,,,,,,,
38421002,38421002,ST-M-D'HERES-GALOCHERE,45.169167,5.768833,220,20041120,0,9,-2.2,1,,,10,1,,,,,3.9,1,12.2,1,,,,,,,,,,,,,,,,,,,,,,,,,,,,,,,,,,,,
38421002,38421002,ST-M-D'HERES-GALOCHERE,45.169167,5.768833,220,20040206,0,9,-2,1,,,17,1,,,,,7.5,1,19,1,,,,,,,,,,,,,,,,,,,,,,,,,,,,,,,,,,,,
38421002,38421002,ST-M-D'HERES-GALOCHERE,45.169167,5.768833,220,20040522,2.2,9,14.2,1,,,20.1,1,,,,,17.2,1,5.9,1,,,,,,,,,,,,,,,,,,,,,,,,,,,,,,,,,,,,
38421002,38421002,ST-M-D'HERES-GALOCHERE,45.169167,5.768833,220,20040229,0.8,9,-5,1,,,4,1,,,,,-0.5,1,9,1,,,,,,,,,,,,,,,,,,,,,,,,,,,,,,,,,,,,
38421002,38421002,ST-M-D'HERES-GALOCHERE,45.169167,5.768833,220,20040714,0,9,11.5,1,,,27.6,1,,,,,19.6,1,16.1,1,,,,,,,,,,,,,,,,,,,,,,,,,,,,,,,,,,,,
38421002,38421002,ST-M-D'HERES-GALOCHERE,45.169167,5.768833,220,20040121,0,1,0,1,,,9,1,,,,,4.5,1,9,1,,,,,,,,,,,,,,,,,,,,,,,,,,,,,,,,,,,,
38421002,38421002,ST-M-D'HERES-GALOCHERE,45.169167,5.768833,220,20040608,6.3,9,15.2,1,,,32.8,1,,,,,24,1,17.6,1,,,,,,,,,,,,,,,,,,,,,,,,,,,,,,,,,,,,
38421002,38421002,ST-M-D'HERES-GALOCHERE,45.169167,5.768833,220,20041201,0.5,9,0.9,1,,,11.7,1,,,,,6.3,1,10.8,1,,,,,,,,,,,,,,,,,,,,,,,,,,,,,,,,,,,,
38421002,38421002,ST-M-D'HERES-GALOCHERE,45.169167,5.768833,220,20040819,55.4,9,20.1,1,,,32.5,1,,,,,26.3,1,12.4,1,,,,,,,,,,,,,,,,,,,,,,,,,,,,,,,,,,,,
38421002,38421002,ST-M-D'HERES-GALOCHERE,45.169167,5.768833,220,20041222,0,9,-2.9,1,,,1.9,1,,,,,-0.5,1,4.8,1,,,,,,,,,,,,,,,,,,,,,,,,,,,,,,,,,,,,
38421002,38421002,ST-M-D'HERES-GALOCHERE,45.169167,5.768833,220,20040711,0,9,13.6,1,,,25.6,1,,,,,19.6,1,12,1,,,,,,,,,,,,,,,,,,,,,,,,,,,,,,,,,,,,
38421002,38421002,ST-M-D'HERES-GALOCHERE,45.169167,5.768833,220,20040116,12.7,9,-1,1,,,7,1,,,,,3,1,8,1,,,,,,,,,,,,,,,,,,,,,,,,,,,,,,,,,,,,
38421002,38421002,ST-M-D'HERES-GALOCHERE,45.169167,5.768833,220,20040227,0,9,-4,1,,,5,1,,,,,0.5,1,9,1,,,,,,,,,,,,,,,,,,,,,,,,,,,,,,,,,,,,
38421002,38421002,ST-M-D'HERES-GALOCHERE,45.169167,5.768833,220,20040120,3.7,9,0,1,,,5,1,,,,,2.5,1,5,1,,,,,,,,,,,,,,,,,,,,,,,,,,,,,,,,,,,,
38421002,38421002,ST-M-D'HERES-GALOCHERE,45.169167,5.768833,220,20040110,0.6,9,4,1,,,9,1,,,,,6.5,1,5,1,,,,,,,,,,,,,,,,,,,,,,,,,,,,,,,,,,,,
38421002,38421002,ST-M-D'HERES-GALOCHERE,45.169167,5.768833,220,20041128,0,9,-1.6,1,,,13.5,1,,,,,6,1,15.1,1,,,,,,,,,,,,,,,,,,,,,,,,,,,,,,,,,,,,
38421002,38421002,ST-M-D'HERES-GALOCHERE,45.169167,5.768833,220,20041124,0,9,-0.6,1,,,11.5,1,,,,,5.5,1,12.1,1,,,,,,,,,,,,,,,,,,,,,,,,,,,,,,,,,,,,
38421002,38421002,ST-M-D'HERES-GALOCHERE,45.169167,5.768833,220,20041219,20.2,9,1.6,1,,,6.5,1,,,,,4.1,1,4.9,1,,,,,,,,,,,,,,,,,,,,,,,,,,,,,,,,,,,,
38421002,38421002,ST-M-D'HERES-GALOCHERE,45.169167,5.768833,220,20040430,2.8,9,9.8,1,,,20.7,1,,,,,15.3,1,10.9,1,,,,,,,,,,,,,,,,,,,,,,,,,,,,,,,,,,,,
38421002,38421002,ST-M-D'HERES-GALOCHERE,45.169167,5.768833,220,20040304,1.6,9,-4,1,,,13,1,,,,,4.5,1,17,1,,,,,,,,,,,,,,,,,,,,,,,,,,,,,,,,,,,,
38421002,38421002,ST-M-D'HERES-GALOCHERE,45.169167,5.768833,220,20040902,0,9,13.8,1,,,27.1,1,,,,,20.5,1,13.3,1,,,,,,,,,,,,,,,,,,,,,,,,,,,,,,,,,,,,
38421002,38421002,ST-M-D'HERES-GALOCHERE,45.169167,5.768833,220,20040125,0.3,9,-1,1,,,9,1,,,,,4,1,10,1,,,,,,,,,,,,,,,,,,,,,,,,,,,,,,,,,,,,
38421002,38421002,ST-M-D'HERES-GALOCHERE,45.169167,5.768833,220,20041217,22.7,9,3.1,1,,,8.2,1,,,,,5.7,1,5.1,1,,,,,,,,,,,,,,,,,,,,,,,,,,,,,,,,,,,,
38421002,38421002,ST-M-D'HERES-GALOCHERE,45.169167,5.768833,220,20040105,0,9,-6,1,,,3,1,,,,,-1.5,1,9,1,,,,,,,,,,,,,,,,,,,,,,,,,,,,,,,,,,,,
38421002,38421002,ST-M-D'HERES-GALOCHERE,45.169167,5.768833,220,20040311,0,9,0,1,,,9,1,,,,,4.5,1,9,1,,,,,,,,,,,,,,,,,,,,,,,,,,,,,,,,,,,,
38421002,38421002,ST-M-D'HERES-GALOCHERE,45.169167,5.768833,220,20040424,0,9,12.4,1,,,18.6,1,,,,,15.5,1,6.2,1,,,,,,,,,,,,,,,,,,,,,,,,,,,,,,,,,,,,
38421002,38421002,ST-M-D'HERES-GALOCHERE,45.169167,5.768833,220,20040520,10.4,9,12.3,1,,,31.7,1,,,,,22,1,19.4,1,,,,,,,,,,,,,,,,,,,,,,,,,,,,,,,,,,,,
38421002,38421002,ST-M-D'HERES-GALOCHERE,45.169167,5.768833,220,20040416,0,9,3.4,1,,,15.2,1,,,,,9.3,1,11.8,1,,,,,,,,,,,,,,,,,,,,,,,,,,,,,,,,,,,,
38421002,38421002,ST-M-D'HERES-GALOCHERE,45.169167,5.768833,220,20040618,0,9,13.9,1,,,31.7,1,,,,,22.8,1,17.8,1,,,,,,,,,,,,,,,,,,,,,,,,,,,,,,,,,,,,
38421002,38421002,ST-M-D'HERES-GALOCHERE,45.169167,5.768833,220,20041001,0,9,11.2,1,,,26.9,1,,,,,19.1,1,15.7,1,,,,,,,,,,,,,,,,,,,,,,,,,,,,,,,,,,,,
38421002,38421002,ST-M-D'HERES-GALOCHERE,45.169167,5.768833,220,20040226,0,9,2,1,,,4,1,,,,,3,1,2,1,,,,,,,,,,,,,,,,,,,,,,,,,,,,,,,,,,,,
38421002,38421002,ST-M-D'HERES-GALOCHERE,45.169167,5.768833,220,20040822,0,9,10.3,1,,,25.7,1,,,,,18,1,15.4,1,,,,,,,,,,,,,,,,,,,,,,,,,,,,,,,,,,,,
38421002,38421002,ST-M-D'HERES-GALOCHERE,45.169167,5.768833,220,20040722,0,9,19.7,1,,,36.8,1,,,,,28.3,1,17.1,1,,,,,,,,,,,,,,,,,,,,,,,,,,,,,,,,,,,,
38421002,38421002,ST-M-D'HERES-GALOCHERE,45.169167,5.768833,220,20040605,0,9,12.7,1,,,26.7,1,,,,,19.7,1,14,1,,,,,,,,,,,,,,,,,,,,,,,,,,,,,,,,,,,,
38421002,38421002,ST-M-D'HERES-GALOCHERE,45.169167,5.768833,220,20040815,0,9,13.5,1,,,30.5,1,,,,,22,1,17,1,,,,,,,,,,,,,,,,,,,,,,,,,,,,,,,,,,,,
38421002,38421002,ST-M-D'HERES-GALOCHERE,45.169167,5.768833,220,20040123,0,9,-1,1,,,8,1,,,,,3.5,1,9,1,,,,,,,,,,,,,,,,,,,,,,,,,,,,,,,,,,,,
38421002,38421002,ST-M-D'HERES-GALOCHERE,45.169167,5.768833,220,20041227,1,1,1.9,1,,,3.2,1,,,,,2.6,1,1.3,1,,,,,,,,,,,,,,,,,,,,,,,,,,,,,,,,,,,,
38421002,38421002,ST-M-D'HERES-GALOCHERE,45.169167,5.768833,220,20040528,0,9,14.2,1,,,24.9,1,,,,,19.6,1,10.7,1,,,,,,,,,,,,,,,,,,,,,,,,,,,,,,,,,,,,
38421002,38421002,ST-M-D'HERES-GALOCHERE,45.169167,5.768833,220,20040613,0,9,12.7,1,,,22.6,1,,,,,17.7,1,9.9,1,,,,,,,,,,,,,,,,,,,,,,,,,,,,,,,,,,,,
38421002,38421002,ST-M-D'HERES-GALOCHERE,45.169167,5.768833,220,20040412,0,9,3.8,1,,,14.7,1,,,,,9.3,1,10.9,1,,,,,,,,,,,,,,,,,,,,,,,,,,,,,,,,,,,,
38421002,38421002,ST-M-D'HERES-GALOCHERE,45.169167,5.768833,220,20040604,0,9,12.5,1,,,24.4,1,,,,,18.5,1,11.9,1,,,,,,,,,,,,,,,,,,,,,,,,,,,,,,,,,,,,
38421002,38421002,ST-M-D'HERES-GALOCHERE,45.169167,5.768833,220,20040426,0,9,6,1,,,24.2,1,,,,,15.1,1,18.2,1,,,,,,,,,,,,,,,,,,,,,,,,,,,,,,,,,,,,
38421002,38421002,ST-M-D'HERES-GALOCHERE,45.169167,5.768833,220,20040923,2.6,9,11.5,1,,,23,1,,,,,17.3,1,11.5,1,,,,,,,,,,,,,,,,,,,,,,,,,,,,,,,,,,,,
38421002,38421002,ST-M-D'HERES-GALOCHERE,45.169167,5.768833,220,20040415,6.3,9,6.8,1,,,14.5,1,,,,,10.7,1,7.7,1,,,,,,,,,,,,,,,,,,,,,,,,,,,,,,,,,,,,
38421002,38421002,ST-M-D'HERES-GALOCHERE,45.169167,5.768833,220,20040626,0,9,12.2,1,,,32.8,1,,,,,22.5,1,20.6,1,,,,,,,,,,,,,,,,,,,,,,,,,,,,,,,,,,,,
38421002,38421002,ST-M-D'HERES-GALOCHERE,45.169167,5.768833,220,20040408,2.1,9,0,1,,,15,1,,,,,7.5,1,15,1,,,,,,,,,,,,,,,,,,,,,,,,,,,,,,,,,,,,
38421002,38421002,ST-M-D'HERES-GALOCHERE,45.169167,5.768833,220,20040502,0,9,10.2,1,,,23,1,,,,,16.6,1,12.8,1,,,,,,,,,,,,,,,,,,,,,,,,,,,,,,,,,,,,
38421002,38421002,ST-M-D'HERES-GALOCHERE,45.169167,5.768833,220,20040214,0,9,-2,1,,,11,1,,,,,4.5,1,13,1,,,,,,,,,,,,,,,,,,,,,,,,,,,,,,,,,,,,
38421002,38421002,ST-M-D'HERES-GALOCHERE,45.169167,5.768833,220,20041230,0,9,-4.7,1,,,2,1,,,,,-1.4,1,6.7,1,,,,,,,,,,,,,,,,,,,,,,,,,,,,,,,,,,,,
38421002,38421002,ST-M-D'HERES-GALOCHERE,45.169167,5.768833,220,20041119,6.2,9,1.5,1,,,10.7,1,,,,,6.1,1,9.2,1,,,,,,,,,,,,,,,,,,,,,,,,,,,,,,,,,,,,
38421002,38421002,ST-M-D'HERES-GALOCHERE,45.169167,5.768833,220,20040217,0,9,-1,1,,,11,1,,,,,5,1,12,1,,,,,,,,,,,,,,,,,,,,,,,,,,,,,,,,,,,,
38421002,38421002,ST-M-D'HERES-GALOCHERE,45.169167,5.768833,220,20040128,4.8,9,-1,1,,,2,1,,,,,0.5,1,3,1,,,,,,,,,,,,,,,,,,,,,,,,,,,,,,,,,,,,
38421002,38421002,ST-M-D'HERES-GALOCHERE,45.169167,5.768833,220,20040106,0,9,-5,1,,,5,1,,,,,0,1,10,1,,,,,,,,,,,,,,,,,,,,,,,,,,,,,,,,,,,,
38421002,38421002,ST-M-D'HERES-GALOCHERE,45.169167,5.768833,220,20040212,0,9,1,1,,,10,1,,,,,5.5,1,9,1,,,,,,,,,,,,,,,,,,,,,,,,,,,,,,,,,,,,
38421002,38421002,ST-M-D'HERES-GALOCHERE,45.169167,5.768833,220,20040709,0,9,16.3,1,,,26.6,1,,,,,21.5,1,10.3,1,,,,,,,,,,,,,,,,,,,,,,,,,,,,,,,,,,,,
38421002,38421002,ST-M-D'HERES-GALOCHERE,45.169167,5.768833,220,20041221,0,9,0.7,1,,,2.5,1,,,,,1.6,1,1.8,1,,,,,,,,,,,,,,,,,,,,,,,,,,,,,,,,,,,,
38421002,38421002,ST-M-D'HERES-GALOCHERE,45.169167,5.768833,220,20041004,0,9,11.8,1,,,28.7,1,,,,,20.3,1,16.9,1,,,,,,,,,,,,,,,,,,,,,,,,,,,,,,,,,,,,
38421002,38421002,ST-M-D'HERES-GALOCHERE,45.169167,5.768833,220,20041212,0,9,-1.2,1,,,2.8,1,,,,,0.8,1,4,1,,,,,,,,,,,,,,,,,,,,,,,,,,,,,,,,,,,,
38421002,38421002,ST-M-D'HERES-GALOCHERE,45.169167,5.768833,220,20041016,6.2,9,6.1,1,,,13.1,1,,,,,9.6,1,7,1,,,,,,,,,,,,,,,,,,,,,,,,,,,,,,,,,,,,
38421002,38421002,ST-M-D'HERES-GALOCHERE,45.169167,5.768833,220,20040428,0,9,10.5,1,,,21.3,1,,,,,15.9,1,10.8,1,,,,,,,,,,,,,,,,,,,,,,,,,,,,,,,,,,,,
38421002,38421002,ST-M-D'HERES-GALOCHERE,45.169167,5.768833,220,20040527,0.9,9,14.2,1,,,25.7,1,,,,,20,1,11.5,1,,,,,,,,,,,,,,,,,,,,,,,,,,,,,,,,,,,,
38421002,38421002,ST-M-D'HERES-GALOCHERE,45.169167,5.768833,220,20040317,0,9,4,1,,,26,1,,,,,15,1,22,1,,,,,,,,,,,,,,,,,,,,,,,,,,,,,,,,,,,,
38421002,38421002,ST-M-D'HERES-GALOCHERE,45.169167,5.768833,220,20040102,0,9,1,1,,,5,1,,,,,3,1,4,1,,,,,,,,,,,,,,,,,,,,,,,,,,,,,,,,,,,,
38421002,38421002,ST-M-D'HERES-GALOCHERE,45.169167,5.768833,220,20040823,2.2,9,12.4,1,,,28.1,1,,,,,20.3,1,15.7,1,,,,,,,,,,,,,,,,,,,,,,,,,,,,,,,,,,,,
38421002,38421002,ST-M-D'HERES-GALOCHERE,45.169167,5.768833,220,20040203,0,9,-1,1,,,13,1,,,,,6,1,14,1,,,,,,,,,,,,,,,,,,,,,,,,,,,,,,,,,,,,
38421002,38421002,ST-M-D'HERES-GALOCHERE,45.169167,5.768833,220,20041220,0.2,9,2.2,1,,,3.8,1,,,,,3,1,1.6,1,,,,,,,,,,,,,,,,,,,,,,,,,,,,,,,,,,,,
38421002,38421002,ST-M-D'HERES-GALOCHERE,45.169167,5.768833,220,20041127,0,9,-0.1,1,,,12.1,1,,,,,6,1,12.2,1,,,,,,,,,,,,,,,,,,,,,,,,,,,,,,,,,,,,
38421002,38421002,ST-M-D'HERES-GALOCHERE,45.169167,5.768833,220,20040928,0,9,9.5,1,,,22.4,1,,,,,16,1,12.9,1,,,,,,,,,,,,,,,,,,,,,,,,,,,,,,,,,,,,
38421002,38421002,ST-M-D'HERES-GALOCHERE,45.169167,5.768833,220,20040827,0,9,13.2,1,,,26.5,1,,,,,19.9,1,13.3,1,,,,,,,,,,,,,,,,,,,,,,,,,,,,,,,,,,,,
38421002,38421002,ST-M-D'HERES-GALOCHERE,45.169167,5.768833,220,20040925,0,9,6.5,1,,,18.3,1,,,,,12.4,1,11.8,1,,,,,,,,,,,,,,,,,,,,,,,,,,,,,,,,,,,,
38421002,38421002,ST-M-D'HERES-GALOCHERE,45.169167,5.768833,220,20040707,0,9,17.7,1,,,33.7,1,,,,,25.7,1,16,1,,,,,,,,,,,,,,,,,,,,,,,,,,,,,,,,,,,,
38421002,38421002,ST-M-D'HERES-GALOCHERE,45.169167,5.768833,220,20040318,0,9,5,1,,,24,1,,,,,14.5,1,19,1,,,,,,,,,,,,,,,,,,,,,,,,,,,,,,,,,,,,
38421002,38421002,ST-M-D'HERES-GALOCHERE,45.169167,5.768833,220,20040913,0,9,12.2,1,,,30.1,1,,,,,21.2,1,17.9,1,,,,,,,,,,,,,,,,,,,,,,,,,,,,,,,,,,,,
38421002,38421002,ST-M-D'HERES-GALOCHERE,45.169167,5.768833,220,20040805,1.2,9,17.6,1,,,31.1,1,,,,,24.4,1,13.5,1,,,,,,,,,,,,,,,,,,,,,,,,,,,,,,,,,,,,
38421002,38421002,ST-M-D'HERES-GALOCHERE,45.169167,5.768833,220,20040808,0,9,19.4,1,,,35.9,1,,,,,27.7,1,16.5,1,,,,,,,,,,,,,,,,,,,,,,,,,,,,,,,,,,,,
38421002,38421002,ST-M-D'HERES-GALOCHERE,45.169167,5.768833,220,20040331,0.8,9,9,1,,,19,1,,,,,14,1,10,1,,,,,,,,,,,,,,,,,,,,,,,,,,,,,,,,,,,,
38421002,38421002,ST-M-D'HERES-GALOCHERE,45.169167,5.768833,220,20041112,0,9,2.6,1,,,9.9,1,,,,,6.3,1,7.3,1,,,,,,,,,,,,,,,,,,,,,,,,,,,,,,,,,,,,
38421002,38421002,ST-M-D'HERES-GALOCHERE,45.169167,5.768833,220,20040207,0.3,9,3,1,,,9,1,,,,,6,1,6,1,,,,,,,,,,,,,,,,,,,,,,,,,,,,,,,,,,,,
38421002,38421002,ST-M-D'HERES-GALOCHERE,45.169167,5.768833,220,20040220,0.2,9,-3,1,,,9,1,,,,,3,1,12,1,,,,,,,,,,,,,,,,,,,,,,,,,,,,,,,,,,,,
38421002,38421002,ST-M-D'HERES-GALOCHERE,45.169167,5.768833,220,20040905,0,9,16.8,1,,,31.5,1,,,,,24.2,1,14.7,1,,,,,,,,,,,,,,,,,,,,,,,,,,,,,,,,,,,,
38421002,38421002,ST-M-D'HERES-GALOCHERE,45.169167,5.768833,220,20040910,0.3,9,15.8,1,,,28.6,1,,,,,22.2,1,12.8,1,,,,,,,,,,,,,,,,,,,,,,,,,,,,,,,,,,,,
38421002,38421002,ST-M-D'HERES-GALOCHERE,45.169167,5.768833,220,20040113,8.8,9,8,1,,,15,1,,,,,11.5,1,7,1,,,,,,,,,,,,,,,,,,,,,,,,,,,,,,,,,,,,
38421002,38421002,ST-M-D'HERES-GALOCHERE,45.169167,5.768833,220,20040705,3.7,9,17.3,1,,,29.3,1,,,,,23.3,1,12,1,,,,,,,,,,,,,,,,,,,,,,,,,,,,,,,,,,,,
38421002,38421002,ST-M-D'HERES-GALOCHERE,45.169167,5.768833,220,20041214,0,9,-5,1,,,6.4,1,,,,,0.7,1,11.4,1,,,,,,,,,,,,,,,,,,,,,,,,,,,,,,,,,,,,
38421002,38421002,ST-M-D'HERES-GALOCHERE,45.169167,5.768833,220,20040611,3.2,9,16.2,1,,,29.7,1,,,,,23,1,13.5,1,,,,,,,,,,,,,,,,,,,,,,,,,,,,,,,,,,,,
38421002,38421002,ST-M-D'HERES-GALOCHERE,45.169167,5.768833,220,20040111,4.8,9,3,1,,,7,1,,,,,5,1,4,1,,,,,,,,,,,,,,,,,,,,,,,,,,,,,,,,,,,,
38421002,38421002,ST-M-D'HERES-GALOCHERE,45.169167,5.768833,220,20040211,0,9,-3,1,,,10,1,,,,,3.5,1,13,1,,,,,,,,,,,,,,,,,,,,,,,,,,,,,,,,,,,,
38421002,38421002,ST-M-D'HERES-GALOCHERE,45.169167,5.768833,220,20040327,0,9,2,1,,,10,1,,,,,6,1,8,1,,,,,,,,,,,,,,,,,,,,,,,,,,,,,,,,,,,,
38421002,38421002,ST-M-D'HERES-GALOCHERE,45.169167,5.768833,220,20040602,1.7,9,15.4,1,,,21.8,1,,,,,18.6,1,6.4,1,,,,,,,,,,,,,,,,,,,,,,,,,,,,,,,,,,,,
38421002,38421002,ST-M-D'HERES-GALOCHERE,45.169167,5.768833,220,20040629,0,9,16.5,1,,,30.5,1,,,,,23.5,1,14,1,,,,,,,,,,,,,,,,,,,,,,,,,,,,,,,,,,,,
38421002,38421002,ST-M-D'HERES-GALOCHERE,45.169167,5.768833,220,20040930,0,9,12.5,1,,,26.5,1,,,,,19.5,1,14,1,,,,,,,,,,,,,,,,,,,,,,,,,,,,,,,,,,,,
38421002,38421002,ST-M-D'HERES-GALOCHERE,45.169167,5.768833,220,20040418,12.9,9,7.4,1,,,15.5,1,,,,,11.5,1,8.1,1,,,,,,,,,,,,,,,,,,,,,,,,,,,,,,,,,,,,
38421002,38421002,ST-M-D'HERES-GALOCHERE,45.169167,5.768833,220,20040909,0,9,16.2,1,,,31.7,1,,,,,24,1,15.5,1,,,,,,,,,,,,,,,,,,,,,,,,,,,,,,,,,,,,
38421002,38421002,ST-M-D'HERES-GALOCHERE,45.169167,5.768833,220,20041216,6.5,9,-2.5,1,,,7.8,1,,,,,2.7,1,10.3,1,,,,,,,,,,,,,,,,,,,,,,,,,,,,,,,,,,,,
38421002,38421002,ST-M-D'HERES-GALOCHERE,45.169167,5.768833,220,20040907,0,9,19,1,,,30.4,1,,,,,24.7,1,11.4,1,,,,,,,,,,,,,,,,,,,,,,,,,,,,,,,,,,,,
38421002,38421002,ST-M-D'HERES-GALOCHERE,45.169167,5.768833,220,20041202,0.7,9,1.6,1,,,14.7,1,,,,,8.2,1,13.1,1,,,,,,,,,,,,,,,,,,,,,,,,,,,,,,,,,,,,
38421002,38421002,ST-M-D'HERES-GALOCHERE,45.169167,5.768833,220,20040326,0,9,3,1,,,5,1,,,,,4,1,2,1,,,,,,,,,,,,,,,,,,,,,,,,,,,,,,,,,,,,
38421002,38421002,ST-M-D'HERES-GALOCHERE,45.169167,5.768833,220,20041104,0,9,10.2,1,,,13.4,1,,,,,11.8,1,3.2,1,,,,,,,,,,,,,,,,,,,,,,,,,,,,,,,,,,,,
38421002,38421002,ST-M-D'HERES-GALOCHERE,45.169167,5.768833,220,20040108,7.7,9,-5,1,,,5,1,,,,,0,1,10,1,,,,,,,,,,,,,,,,,,,,,,,,,,,,,,,,,,,,
38421002,38421002,ST-M-D'HERES-GALOCHERE,45.169167,5.768833,220,20040512,7.1,9,10.7,1,,,23.8,1,,,,,17.3,1,13.1,1,,,,,,,,,,,,,,,,,,,,,,,,,,,,,,,,,,,,
38421002,38421002,ST-M-D'HERES-GALOCHERE,45.169167,5.768833,220,20040607,0,9,12.9,1,,,30.8,1,,,,,21.9,1,17.9,1,,,,,,,,,,,,,,,,,,,,,,,,,,,,,,,,,,,,
38421002,38421002,ST-M-D'HERES-GALOCHERE,45.169167,5.768833,220,20040912,0.4,9,16.9,1,,,23.8,1,,,,,20.4,1,6.9,1,,,,,,,,,,,,,,,,,,,,,,,,,,,,,,,,,,,,
38421002,38421002,ST-M-D'HERES-GALOCHERE,45.169167,5.768833,220,20040305,1.7,9,5,1,,,14,1,,,,,9.5,1,9,1,,,,,,,,,,,,,,,,,,,,,,,,,,,,,,,,,,,,
38421002,38421002,ST-M-D'HERES-GALOCHERE,45.169167,5.768833,220,20041108,0,9,0.7,1,,,10.4,1,,,,,5.6,1,9.7,1,,,,,,,,,,,,,,,,,,,,,,,,,,,,,,,,,,,,
38421002,38421002,ST-M-D'HERES-GALOCHERE,45.169167,5.768833,220,20040920,0,9,12.5,1,,,25.1,1,,,,,18.8,1,12.6,1,,,,,,,,,,,,,,,,,,,,,,,,,,,,,,,,,,,,
38421002,38421002,ST-M-D'HERES-GALOCHERE,45.169167,5.768833,220,20040708,0.7,9,19,1,,,28.4,1,,,,,23.7,1,9.4,1,,,,,,,,,,,,,,,,,,,,,,,,,,,,,,,,,,,,
38421002,38421002,ST-M-D'HERES-GALOCHERE,45.169167,5.768833,220,20040518,0,9,12.4,1,,,29.9,1,,,,,21.2,1,17.5,1,,,,,,,,,,,,,,,,,,,,,,,,,,,,,,,,,,,,
38421002,38421002,ST-M-D'HERES-GALOCHERE,45.169167,5.768833,220,20040319,1.5,9,6,1,,,21,1,,,,,13.5,1,15,1,,,,,,,,,,,,,,,,,,,,,,,,,,,,,,,,,,,,
38421002,38421002,ST-M-D'HERES-GALOCHERE,45.169167,5.768833,220,20040510,0,9,3.5,1,,,21.9,1,,,,,12.7,1,18.4,1,,,,,,,,,,,,,,,,,,,,,,,,,,,,,,,,,,,,
38421002,38421002,ST-M-D'HERES-GALOCHERE,45.169167,5.768833,220,20040407,0.5,9,4,1,,,12,1,,,,,8,1,8,1,,,,,,,,,,,,,,,,,,,,,,,,,,,,,,,,,,,,
38421002,38421002,ST-M-D'HERES-GALOCHERE,45.169167,5.768833,220,20041210,0,9,2.6,1,,,6.3,1,,,,,4.5,1,3.7,1,,,,,,,,,,,,,,,,,,,,,,,,,,,,,,,,,,,,
38421002,38421002,ST-M-D'HERES-GALOCHERE,45.169167,5.768833,220,20040826,5,9,14.7,1,,,20.5,1,,,,,17.6,1,5.8,1,,,,,,,,,,,,,,,,,,,,,,,,,,,,,,,,,,,,
38421002,38421002,ST-M-D'HERES-GALOCHERE,45.169167,5.768833,220,20040119,0,9,1,1,,,5,1,,,,,3,1,4,1,,,,,,,,,,,,,,,,,,,,,,,,,,,,,,,,,,,,
38421002,38421002,ST-M-D'HERES-GALOCHERE,45.169167,5.768833,220,20040603,0,9,11.5,1,,,18.9,1,,,,,15.2,1,7.4,1,,,,,,,,,,,,,,,,,,,,,,,,,,,,,,,,,,,,
38421002,38421002,ST-M-D'HERES-GALOCHERE,45.169167,5.768833,220,20040322,1,9,4,1,,,16,1,,,,,10,1,12,1,,,,,,,,,,,,,,,,,,,,,,,,,,,,,,,,,,,,
38421002,38421002,ST-M-D'HERES-GALOCHERE,45.169167,5.768833,220,20041110,0,9,-2.2,1,,,7.8,1,,,,,2.8,1,10,1,,,,,,,,,,,,,,,,,,,,,,,,,,,,,,,,,,,,
38421002,38421002,ST-M-D'HERES-GALOCHERE,45.169167,5.768833,220,20040417,0.9,9,9.5,1,,,15.4,1,,,,,12.5,1,5.9,1,,,,,,,,,,,,,,,,,,,,,,,,,,,,,,,,,,,,
38421002,38421002,ST-M-D'HERES-GALOCHERE,45.169167,5.768833,220,20041014,14.8,9,11.2,1,,,12.5,1,,,,,11.9,1,1.3,1,,,,,,,,,,,,,,,,,,,,,,,,,,,,,,,,,,,,
38421002,38421002,ST-M-D'HERES-GALOCHERE,45.169167,5.768833,220,20041026,63.8,9,10.5,1,,,12.9,1,,,,,11.7,1,2.4,1,,,,,,,,,,,,,,,,,,,,,,,,,,,,,,,,,,,,
38421002,38421002,ST-M-D'HERES-GALOCHERE,45.169167,5.768833,220,20040324,0.8,9,3,1,,,8,1,,,,,5.5,1,5,1,,,,,,,,,,,,,,,,,,,,,,,,,,,,,,,,,,,,
38421002,38421002,ST-M-D'HERES-GALOCHERE,45.169167,5.768833,220,20040726,0,9,15.4,1,,,30.2,1,,,,,22.8,1,14.8,1,,,,,,,,,,,,,,,,,,,,,,,,,,,,,,,,,,,,
38421002,38421002,ST-M-D'HERES-GALOCHERE,45.169167,5.768833,220,20040523,0,9,10.2,1,,,21.9,1,,,,,16.1,1,11.7,1,,,,,,,,,,,,,,,,,,,,,,,,,,,,,,,,,,,,
38421002,38421002,ST-M-D'HERES-GALOCHERE,45.169167,5.768833,220,20040926,0,9,11.2,1,,,19.2,1,,,,,15.2,1,8,1,,,,,,,,,,,,,,,,,,,,,,,,,,,,,,,,,,,,
38421002,38421002,ST-M-D'HERES-GALOCHERE,45.169167,5.768833,220,20040225,0,9,-4,1,,,10,1,,,,,3,1,14,1,,,,,,,,,,,,,,,,,,,,,,,,,,,,,,,,,,,,
38421002,38421002,ST-M-D'HERES-GALOCHERE,45.169167,5.768833,220,20040715,0,9,12.9,1,,,31.9,1,,,,,22.4,1,19,1,,,,,,,,,,,,,,,,,,,,,,,,,,,,,,,,,,,,
38421002,38421002,ST-M-D'HERES-GALOCHERE,45.169167,5.768833,220,20041005,0,9,11.4,1,,,31.7,1,,,,,21.6,1,20.3,1,,,,,,,,,,,,,,,,,,,,,,,,,,,,,,,,,,,,
38421002,38421002,ST-M-D'HERES-GALOCHERE,45.169167,5.768833,220,20041017,0,9,4.5,1,,,14.6,1,,,,,9.6,1,10.1,1,,,,,,,,,,,,,,,,,,,,,,,,,,,,,,,,,,,,
38421002,38421002,ST-M-D'HERES-GALOCHERE,45.169167,5.768833,220,20040404,0.6,9,6,1,,,22,1,,,,,14,1,16,1,,,,,,,,,,,,,,,,,,,,,,,,,,,,,,,,,,,,
38421002,38421002,ST-M-D'HERES-GALOCHERE,45.169167,5.768833,220,20040309,0,9,0,1,,,9,1,,,,,4.5,1,9,1,,,,,,,,,,,,,,,,,,,,,,,,,,,,,,,,,,,,
38421002,38421002,ST-M-D'HERES-GALOCHERE,45.169167,5.768833,220,20041021,0,9,14.5,1,,,20.9,1,,,,,17.7,1,6.4,1,,,,,,,,,,,,,,,,,,,,,,,,,,,,,,,,,,,,
38421002,38421002,ST-M-D'HERES-GALOCHERE,45.169167,5.768833,220,20040917,0,9,10.2,1,,,24.4,1,,,,,17.3,1,14.2,1,,,,,,,,,,,,,,,,,,,,,,,,,,,,,,,,,,,,
38421002,38421002,ST-M-D'HERES-GALOCHERE,45.169167,5.768833,220,20040131,0.9,9,-3,1,,,14,1,,,,,5.5,1,17,1,,,,,,,,,,,,,,,,,,,,,,,,,,,,,,,,,,,,
38421002,38421002,ST-M-D'HERES-GALOCHERE,45.169167,5.768833,220,20041123,0,9,-1,1,,,13.4,1,,,,,6.2,1,14.4,1,,,,,,,,,,,,,,,,,,,,,,,,,,,,,,,,,,,,
38421002,38421002,ST-M-D'HERES-GALOCHERE,45.169167,5.768833,220,20040903,0,9,15.4,1,,,31.2,1,,,,,23.3,1,15.8,1,,,,,,,,,,,,,,,,,,,,,,,,,,,,,,,,,,,,
38421002,38421002,ST-M-D'HERES-GALOCHERE,45.169167,5.768833,220,20040429,0.5,9,9.4,1,,,19.8,1,,,,,14.6,1,10.4,1,,,,,,,,,,,,,,,,,,,,,,,,,,,,,,,,,,,,
38421002,38421002,ST-M-D'HERES-GALOCHERE,45.169167,5.768833,220,20041224,0,9,-1.4,1,,,8.9,1,,,,,3.8,1,10.3,1,,,,,,,,,,,,,,,,,,,,,,,,,,,,,,,,,,,,
38421002,38421002,ST-M-D'HERES-GALOCHERE,45.169167,5.768833,220,20040114,5.4,9,7,1,,,10,1,,,,,8.5,1,3,1,,,,,,,,,,,,,,,,,,,,,,,,,,,,,,,,,,,,
38421002,38421002,ST-M-D'HERES-GALOCHERE,45.169167,5.768833,220,20040628,0,9,20.5,1,,,31.7,1,,,,,26.1,1,11.2,1,,,,,,,,,,,,,,,,,,,,,,,,,,,,,,,,,,,,
38421002,38421002,ST-M-D'HERES-GALOCHERE,45.169167,5.768833,220,20041211,0,9,-0.9,1,,,2.8,1,,,,,1,1,3.7,1,,,,,,,,,,,,,,,,,,,,,,,,,,,,,,,,,,,,
38421002,38421002,ST-M-D'HERES-GALOCHERE,45.169167,5.768833,220,20040423,9,9,14.1,1,,,18.4,1,,,,,16.3,1,4.3,1,,,,,,,,,,,,,,,,,,,,,,,,,,,,,,,,,,,,
38421002,38421002,ST-M-D'HERES-GALOCHERE,45.169167,5.768833,220,20041009,0,9,13.2,1,,,23.1,1,,,,,18.2,1,9.9,1,,,,,,,,,,,,,,,,,,,,,,,,,,,,,,,,,,,,
38421002,38421002,ST-M-D'HERES-GALOCHERE,45.169167,5.768833,220,20041106,0,9,8.8,1,,,10.5,1,,,,,9.7,1,1.7,1,,,,,,,,,,,,,,,,,,,,,,,,,,,,,,,,,,,,
38421002,38421002,ST-M-D'HERES-GALOCHERE,45.169167,5.768833,220,20040701,0,9,18.8,1,,,27.2,1,,,,,23,1,8.4,1,,,,,,,,,,,,,,,,,,,,,,,,,,,,,,,,,,,,
38421002,38421002,ST-M-D'HERES-GALOCHERE,45.169167,5.768833,220,20041213,0,9,-4.9,1,,,6.8,1,,,,,1,1,11.7,1,,,,,,,,,,,,,,,,,,,,,,,,,,,,,,,,,,,,
38421002,38421002,ST-M-D'HERES-GALOCHERE,45.169167,5.768833,220,20040731,0,9,18.5,1,,,36.5,1,,,,,27.5,1,18,1,,,,,,,,,,,,,,,,,,,,,,,,,,,,,,,,,,,,
38421002,38421002,ST-M-D'HERES-GALOCHERE,45.169167,5.768833,220,20040210,0,9,-3,1,,,10,1,,,,,3.5,1,13,1,,,,,,,,,,,,,,,,,,,,,,,,,,,,,,,,,,,,
38421002,38421002,ST-M-D'HERES-GALOCHERE,45.169167,5.768833,220,20041031,10.4,9,8.8,1,,,13.9,1,,,,,11.4,1,5.1,1,,,,,,,,,,,,,,,,,,,,,,,,,,,,,,,,,,,,
38421002,38421002,ST-M-D'HERES-GALOCHERE,45.169167,5.768833,220,20040215,0,9,-2,1,,,5,1,,,,,1.5,1,7,1,,,,,,,,,,,,,,,,,,,,,,,,,,,,,,,,,,,,
38421002,38421002,ST-M-D'HERES-GALOCHERE,45.169167,5.768833,220,20041107,0,9,6.3,1,,,13.2,1,,,,,9.8,1,6.9,1,,,,,,,,,,,,,,,,,,,,,,,,,,,,,,,,,,,,
38421002,38421002,ST-M-D'HERES-GALOCHERE,45.169167,5.768833,220,20040825,3.7,9,16,1,,,28.1,1,,,,,22.1,1,12.1,1,,,,,,,,,,,,,,,,,,,,,,,,,,,,,,,,,,,,
