type,geo_point_2d,id,code,city,name,visible,epci
clusters,"45.13625,5.69496",SEM:120TOISE,SEM:GEN120TOISE,Le Pont-de-Claix,120 Toises,1,LaMetro
clusters,"45.20341,5.71433",SEM:16AOUT44,SEM:GEN16AOUT44,Saint-Martin-le-Vinoux,Résistance,1,LaMetro
clusters,"45.17106,5.75682",SEM:8MAI1945,SEM:GEN8MAI1945,Saint-Martin-d'Hères,8 mai 1945,1,LaMetro
clusters,"45.18388,5.71174",SEM:ABBEGREG,SEM:GENABBEGREG,Grenoble,Abbé Grégoire,1,LaMetro
clusters,"45.14292,5.71527",SEM:ADELAUNE,SEM:GENADELAUNE,Échirolles,Auguste Delaune,1,LaMetro
clusters,"45.20556,5.76449",SEM:AIGUIHEX,SEM:GENAIGUIHEX,Meylan,Aiguinards-Hexagone,1,LaMetro
clusters,"45.18168,5.73167",SEM:ALB1BELG,SEM:GENALB1BELG,Grenoble,Albert 1er de Belgique,1,LaMetro
clusters,"45.13148,5.81903",SEM:ALBERGES,SEM:GENALBERGES,Vaulnaveys-le-Haut,Les Alberges,1,LaMetro
clusters,"45.05795,5.68472",SEM:ALEGRANG,SEM:GENALEGRANG,Vif,Allée des Granges,1,LaMetro
clusters,"45.18422,5.71064",SEM:ALEMBERT,SEM:GENALEMBERT,Grenoble,D'Alembert,1,LaMetro
clusters,"45.08152,5.76865",SEM:ALLIANCE,SEM:GENALLIANCE,Vizille,L'Alliance,1,LaMetro
clusters,"45.17398,5.71427",SEM:ALLIES,SEM:GENALLIES,Grenoble,Alliés,1,LaMetro
clusters,"45.17204,5.76518",SEM:ALLOVES,SEM:GENALLOVES,Saint-Martin-d'Hères,Les Alloves,1,LaMetro
clusters,"45.15449,5.73379",SEM:ALPEXPO,SEM:GENALPEXPO,Eybens,Alpexpo,1,LaMetro
clusters,"45.18911,5.7193",SEM:ALSACELO,SEM:GENALSACELO,Grenoble,Alsace-Lorraine,1,LaMetro
clusters,"45.17186,5.70495",SEM:ANATFRAN,SEM:GENANATFRAN,Grenoble,Anatole France,1,LaMetro
clusters,"45.19272,5.67806",SEM:ANCIEMAI,SEM:GENANCIEMAI,Fontaine,Ancienne Mairie,1,LaMetro
clusters,"45.15978,5.68178",SEM:ANCIGARE,SEM:GENANCIGARE,Seyssins,Ancienne Gare,1,LaMetro
clusters,"45.21793,5.77933",SEM:ANCMAIRI,SEM:GENANCMAIRI,Meylan,Ancienne Mairie,1,LaMetro
clusters,"45.13993,5.77617",SEM:ANGONNES,SEM:GENANGONNES,Brié-et-Angonnes,Les Angonnes,1,LaMetro
clusters,"45.17782,5.77786",SEM:ANGUISSE,SEM:GENANGUISSE,Saint-Martin-d'Hères,Anguisses,1,LaMetro
clusters,"45.09462,5.74417",SEM:ANMAL,SEM:GENANMAL,Jarrie,André Malraux,1,LaMetro
clusters,"45.19709,5.71174",SEM:ARAGO,SEM:GENARAGO,Grenoble,Arago,1,LaMetro
clusters,"45.18551,5.69465",SEM:ARBERGES,SEM:GENARBERGES,Seyssinet-Pariset,Aristide Bergès,1,LaMetro
clusters,"45.15433,5.68029",SEM:ARGOUD,SEM:GENARGOUD,Seyssins,L'Argoud,1,LaMetro
clusters,"45.17537,5.74447",SEM:ARGOUGES,SEM:GENARGOUGES,Grenoble,André Argouges,1,LaMetro
clusters,"45.16359,5.73047",SEM:ARLEQUIN,SEM:GENARLEQUIN,Grenoble,Arlequin,1,LaMetro
clusters,"45.20683,5.84788",SEM:ARNAUDS,SEM:GENARNAUDS,Domène,Les Arnauds,1,LaMetro
clusters,"44.99692,5.60258",SEM:ARZELIER,SEM:GENARZELIER,Le Gua,L'Arzelier,1,LaMetro
clusters,"45.14483,5.70962",SEM:AUGUFERR,SEM:GENAUGUFERR,Échirolles,Auguste Ferrier,1,LaMetro
clusters,"45.18399,5.73965",SEM:AUGURAVI,SEM:GENAUGURAVI,Grenoble,Auguste Ravier,1,LaMetro
clusters,"45.14279,5.73589",SEM:AVREPUB,SEM:GENAVREPUB,Bresson,Avenue de la République,1,LaMetro
clusters,"45.16681,5.70594",SEM:BACHELAR,SEM:GENBACHELAR,Grenoble,Bachelard,1,LaMetro
clusters,"45.17813,5.73614",SEM:BAJATIER,SEM:GENBAJATIER,Grenoble,Bajatière,1,LaMetro
clusters,"45.12521,5.68811",SEM:BALMETTE,SEM:GENBALMETTE,Claix,La Balmette,1,LaMetro
clusters,"45.08728,5.69421",SEM:BALZAZ,SEM:GENBALZAZ,Varces-Allières-et-Risset,Balzac,1,LaMetro
clusters,"45.21726,5.71279",SEM:BANCHARD,SEM:GENBANCHARD,Saint-Martin-le-Vinoux,La Banchardière,1,LaMetro
clusters,"45.25801,5.70815",SEM:BARBET,SEM:GENBARBET,Quaix-en-Chartreuse,Le Barbet,1,LaMetro
clusters,"45.23097,5.69175",SEM:BARNA,SEM:GENBARNA,Saint-Égrève,Collège Barnave,1,LaMetro
clusters,"45.07181,5.65496",SEM:BASCULE,SEM:GENBASCULE,Saint-Paul-de-Varces,La Bascule,1,LaMetro
clusters,"45.25288,5.74174",SEM:BASMONT,SEM:GENBASMONT,Quaix-en-Chartreuse,Bas de Mont-Quaix,1,LaMetro
clusters,"45.25635,5.71059",SEM:BASPET,SEM:GENBASPET,Quaix-en-Chartreuse,Bas de Petesset,1,LaMetro
clusters,"45.25399,5.70142",SEM:BASQUAIX,SEM:GENBASQUAIX,Quaix-en-Chartreuse,Le Bas de Quaix,1,LaMetro
clusters,"45.20444,5.7376",SEM:BASTILLE,SEM:GENBASTILLE,La Tronche,Bastille,1,LaMetro
clusters,"45.11083,5.67865",SEM:BAUCHES,SEM:GENBAUCHES,Claix,Les Bauches,1,LaMetro
clusters,"44.97996,5.62235",SEM:BAYANNE,SEM:GENBAYANNE,Miribel-Lanchâtre,Bayanne,1,LaMetro
clusters,"45.14591,5.70478",SEM:BAYARD,SEM:GENBAYARD,Échirolles,Bayard,1,LaMetro
clusters,"45.26586,5.6998",SEM:BAZE,SEM:GENBAZE,Proveysieux,Le Bazeau,1,LaMetro
clusters,"45.21153,5.7907",SEM:BEALIERE,SEM:GENBEALIERE,Meylan,Les Béalières,1,LaMetro
clusters,"45.12535,5.67234",SEM:BEAU,SEM:GENBEAU,Claix,Beau Dunois,1,LaMetro
clusters,"45.13855,5.77355",SEM:BEAULIEU,SEM:GENBEAULIEU,Brié-et-Angonnes,Beaulieu,1,LaMetro
clusters,"45.21009,5.64861",SEM:BEAUREVO,SEM:GENBEAUREVO,Sassenage,Beaurevoir,1,LaMetro
clusters,"45.17591,5.69696",SEM:BEAUSITE,SEM:GENBEAUSITE,Seyssinet-Pariset,Beau Site,1,LaMetro
clusters,"45.16417,5.71792",SEM:BEAUVERT,SEM:GENBEAUVERT,Grenoble,Beauvert,1,LaMetro
clusters,"45.15899,5.68325",SEM:BEAUVOIR,SEM:GENBEAUVOIR,Seyssins,Beauvoir,1,LaMetro
clusters,"45.16106,5.75525",SEM:BELAIR,SEM:GENBELAIR,Eybens,Bel Air,1,LaMetro
clusters,"45.22268,5.684",SEM:BELLEDON,SEM:GENBELLEDON,Saint-Égrève,Belledonne,1,LaMetro
clusters,"45.24406,5.69244",SEM:BELLEVU,SEM:GENBELLEVU,Saint-Égrève,Bellevue,1,LaMetro
clusters,"45.11196,5.66548",SEM:BELLEVUE,SEM:GENBELLEVUE,Claix,Bellevue,1,LaMetro
clusters,"45.1765,5.68821",SEM:BELVEDER,SEM:GENBELVEDER,Seyssinet-Pariset,Belvédère,1,LaMetro
clusters,"45.18417,5.69071",SEM:BERGVERC,SEM:GENBERGVERC,Seyssinet-Pariset,Bergès - Vercors,1,LaMetro
clusters,"45.21882,5.78312",SEM:BERIVIER,SEM:GENBERIVIER,Meylan,Bérivière,1,LaMetro
clusters,"45.08998,5.69249",SEM:BERLIOGN,SEM:GENBERLIOGN,Varces-Allières-et-Risset,Berliognière,1,LaMetro
clusters,"45.18878,5.70588",SEM:BERRIAT,SEM:GENBERRIAT,Grenoble,Berriat-Le Magasin,1,LaMetro
clusters,"45.2748,5.61283",SEM:BERYL,SEM:GENBERYL,Veurey-Voroize,Le Béryl,1,LaMetro
clusters,"45.19246,5.7709",SEM:BIBLIUNI,SEM:GENBIBLIUNI,Gières,Bibliothèques Universitaires,1,LaMetro
clusters,"45.23522,5.66953",SEM:BIOLLE,SEM:GENBIOLLE,Saint-Égrève,La Biolle - Gare,1,LaMetro
clusters,"45.19195,5.77474",SEM:BIOLOGIE,SEM:GENBIOLOGIE,Gières,Universités - Biologie,1,LaMetro
clusters,"45.18886,5.73639",SEM:BIRHAKEI,SEM:GENBIRHAKEI,Grenoble,Bir Hakeim,1,LaMetro
clusters,"45.21064,5.65625",SEM:BLANCFON,SEM:GENBLANCFON,Sassenage,Blanc Fontaine,1,LaMetro
clusters,"45.17585,5.75684",SEM:BLANCHON,SEM:GENBLANCHON,Saint-Martin-d'Hères,Parc Jo Blanchon,1,LaMetro
clusters,"45.24058,5.67257",SEM:BONNAIS,SEM:GENBONNAIS,Saint-Égrève,Les Bonnais,1,LaMetro
clusters,"45.17875,5.7509",SEM:BONPASTE,SEM:GENBONPASTE,Grenoble,Bon Pasteur,1,LaMetro
clusters,"45.18077,5.69437",SEM:BOUCHDV,SEM:GENBOUCHDV,Seyssinet-Pariset,Bouchayer - Hôtel de Ville,1,LaMetro
clusters,"45.11962,5.66899",SEM:BOULODRO,SEM:GENBOULODRO,Claix,Boulodrome-Ecole,1,LaMetro
clusters,"45.19187,5.81647",SEM:BOURG,SEM:GENBOURG,Murianette,Le Bourg,1,LaMetro
clusters,"45.15765,5.68975",SEM:BOURNET,SEM:GENBOURNET,Seyssins,Le Bournet,1,LaMetro
clusters,"45.1377,5.74771",SEM:BRESSON,SEM:GENBRESSON,Bresson,Bresson Mairie,1,LaMetro
clusters,"45.11528,5.78405",SEM:BRIE,SEM:GENBRIE,Brié-et-Angonnes,Mont Rolland,1,LaMetro
clusters,"45.11784,5.78285",SEM:BRIECOLE,SEM:GENBRIECOLE,Brié-et-Angonnes,L'Olympe,1,LaMetro
clusters,"45.11119,5.78653",SEM:BRIEGLIS,SEM:GENBRIEGLIS,Brié-et-Angonnes,Brié Église,1,LaMetro
clusters,"45.19299,5.81948",SEM:BRIOT,SEM:GENBRIOT,Murianette,La Briot,1,LaMetro
clusters,"45.16635,5.73118",SEM:BRUYERE,SEM:GENBRUYERE,Grenoble,La Bruyère-Parc Jean Verlhac,1,LaMetro
clusters,"45.21581,5.77226",SEM:BUCLOS,SEM:GENBUCLOS,Corenc,Buclos,1,LaMetro
clusters,"45.22308,5.71778",SEM:BUIS,SEM:GENBUIS,Saint-Martin-le-Vinoux,La Buisseratière,1,LaMetro
clusters,"45.20884,5.79756",SEM:BUSSEROL,SEM:GENBUSSEROL,Meylan,Busserolles,1,LaMetro
clusters,"45.1815,5.72195",SEM:CAB,SEM:GENCAB,Grenoble,Colonel Dumont,1,LaMetro
clusters,"45.08593,5.77127",SEM:CAMPVIZ,SEM:GENCAMPVIZ,Vizille,Camping,1,LaMetro
clusters,"45.05212,5.7104",SEM:CANAL,SEM:GENCANAL,Saint-Georges-de-Commiers,Le Canal,1,LaMetro
clusters,"45.24018,5.66619",SEM:CAP38,SEM:GENCAP38,Saint-Égrève,Cap38,1,LaMetro
clusters,"45.21732,5.68127",SEM:CAPDESH,SEM:GENCAPDESH,Saint-Égrève,Cap des H',1,LaMetro
clusters,"45.17614,5.72539",SEM:CAPUCHE,SEM:GENCAPUCHE,Grenoble,Capuche,1,LaMetro
clusters,"45.16238,5.76305",SEM:CARINA,SEM:GENCARINA,Saint-Martin-d'Hères,Le Carina,1,LaMetro
clusters,"45.20114,5.75855",SEM:CARONBAS,SEM:GENCARONBAS,La Tronche,La Carronnerie Basse,1,LaMetro
clusters,"45.20116,5.7588",SEM:CARONRIE,SEM:GENCARONRIE,La Tronche,Carronnerie - Ile d'Amour,1,LaMetro
clusters,"45.11472,5.69018",SEM:CARRIERE,SEM:GENCARRIERE,Claix,Carrière,1,LaMetro
clusters,"45.14448,5.70071",SEM:CASANOVA,SEM:GENCASANOVA,Échirolles,Danielle Casanova,1,LaMetro
clusters,"45.19902,5.71747",SEM:CASAVILL,SEM:GENCASAVILL,Grenoble,Casamaures - Village,1,LaMetro
clusters,"45.18506,5.72533",SEM:CASBONNE,SEM:GENCASBONNE,Grenoble,Caserne de Bonne,1,LaMetro
clusters,"44.98229,5.62309",SEM:CASSOULE,SEM:GENCASSOULE,Miribel-Lanchâtre,Cassoulet,1,LaMetro
clusters,"45.20216,5.70431",SEM:CEACAMB,SEM:GENCEACAMB,Grenoble,Marie-Louise Paris - CEA,1,LaMetro
clusters,"45.20783,5.75552",SEM:CEDRE,SEM:GENCEDRE,Corenc,Le Cèdre,1,LaMetro
clusters,"45.18495,5.70573",SEM:CEMOI,SEM:GENCEMOI,Grenoble,Cémoi,1,LaMetro
clusters,"45.15886,5.75948",SEM:CENSOCIO,SEM:GENCENSOCIO,Poisat,Centre Socio-Culturel,1,LaMetro
clusters,"45.20617,5.75215",SEM:CENTHEOL,SEM:GENCENTHEOL,La Tronche,Centre Théologique,1,LaMetro
clusters,"45.17084,5.69457",SEM:CENTRESU,SEM:GENCENTRESU,Seyssins,Grand Pré - Centre Sud,1,LaMetro
clusters,"45.17817,5.69702",SEM:CENTRSOC,SEM:GENCENTRSOC,Seyssinet-Pariset,L'Arche,1,LaMetro
clusters,"45.10734,5.74936",SEM:CHABER,SEM:GENCHABER,Jarrie,Les Chaberts,1,LaMetro
clusters,"45.04333,5.6644",SEM:CHALET,SEM:GENCHALET,Vif,Le Chalet,1,LaMetro
clusters,"45.08519,5.66714",SEM:CHAMBORD,SEM:GENCHAMBORD,Varces-Allières-et-Risset,Chambord,1,LaMetro
clusters,"45.2051,5.68348",SEM:CHAMECHA,SEM:GENCHAMECHA,Sassenage,Chamechaude,1,LaMetro
clusters,"45.09222,5.7702",SEM:CHAMP,SEM:GENCHAMP,Montchaboud,Champ Clocher,1,LaMetro
clusters,"45.15627,5.75505",SEM:CHAMPFIL,SEM:GENCHAMPFIL,Eybens,Champ Fila,1,LaMetro
clusters,"45.18554,5.72318",SEM:CHAMPION,SEM:GENCHAMPION,Grenoble,Championnet,1,LaMetro
clusters,"45.22023,5.77982",SEM:CHAMPLAR,SEM:GENCHAMPLAR,Meylan,Champlars,1,LaMetro
clusters,"45.18438,5.76824",SEM:CHAMPROM,SEM:GENCHAMPROM,Saint-Martin-d'Hères,Champ Roman,1,LaMetro
clusters,"45.18578,5.80285",SEM:CHAMPRON,SEM:GENCHAMPRON,Gières,Champrondet,1,LaMetro
clusters,"45.06841,5.72308",SEM:CHAMPSD,SEM:GENCHAMPSD,Champ-sur-Drac,ZA La Plaine,1,LaMetro
clusters,"45.17794,5.71025",SEM:CHAMPSEL,SEM:GENCHAMPSEL,Grenoble,Champs-Elysées,1,LaMetro
clusters,"45.23991,5.69158",SEM:CHAMPY,SEM:GENCHAMPY,Saint-Égrève,Champy,1,LaMetro
clusters,"45.20744,5.75903",SEM:CHAMROC,SEM:GENCHAMROC,Meylan,Champ Rochas,1,LaMetro
clusters,"45.13671,5.7083",SEM:CHANDON,SEM:GENCHANDON,Le Pont-de-Claix,Edmée Chandon,1,LaMetro
clusters,"45.08058,5.77486",SEM:CHANTEFE,SEM:GENCHANTEFE,Vizille,Chantefeuille,1,LaMetro
clusters,"45.11012,5.66548",SEM:CHANTERA,SEM:GENCHANTERA,Claix,La Chanteraie,1,LaMetro
clusters,"45.10097,5.74215",SEM:CHARBON,SEM:GENCHARBON,Jarrie,Les Charbonnaux,1,LaMetro
clusters,"45.19385,5.68009",SEM:CHARLMIC,SEM:GENCHARLMIC,Fontaine,Charles Michels,1,LaMetro
clusters,"45.32189,5.74005",SEM:CHARME,SEM:GENCHARME,Proveysieux,Col de la Charmette,1,LaMetro
clusters,"45.1974,5.69355",SEM:CHARMETT,SEM:GENCHARMETT,Fontaine,Charmettes,1,LaMetro
clusters,"45.11599,5.68888",SEM:CHARRIER,SEM:GENCHARRIER,Claix,Charrières,1,LaMetro
clusters,"45.07572,5.77221",SEM:CHAT,SEM:GENCHAT,Vizille,Place du Château,1,LaMetro
clusters,"45.21234,5.65202",SEM:CHATBEAU,SEM:GENCHATBEAU,Sassenage,Château de Beaurevoir,1,LaMetro
clusters,"45.14732,5.72671",SEM:CHATEAU,SEM:GENCHATEAU,Échirolles,Le Château,1,LaMetro
clusters,"45.27449,5.60613",SEM:CHATEAUX,SEM:GENCHATEAUX,Veurey-Voroize,Chemin du Parc,1,LaMetro
clusters,"45.27353,5.60481",SEM:CHATELAR,SEM:GENCHATELAR,Veurey-Voroize,Châtelard,1,LaMetro
clusters,"45.16217,5.74903",SEM:CHATELIE,SEM:GENCHATELIE,Eybens,La Châtelière,1,LaMetro
clusters,"45.21224,5.66167",SEM:CHATSASS,SEM:GENCHATSASS,Sassenage,Château de Sassenage,1,LaMetro
clusters,"45.23655,5.63811",SEM:CHAULNES,SEM:GENCHAULNES,Noyarey,Chaulnes,1,LaMetro
clusters,"45.1266,5.67411",SEM:CHAUMES,SEM:GENCHAUMES,Claix,Les Chaumes,1,LaMetro
clusters,"45.21244,5.77061",SEM:CHAUMETI,SEM:GENCHAUMETI,Meylan,Chaumetière,1,LaMetro
clusters,"45.1547,5.68938",SEM:CHAUMIER,SEM:GENCHAUMIER,Seyssins,Hameau des Chaumières,1,LaMetro
clusters,"45.18466,5.73177",SEM:CHAVANT,SEM:GENCHAVANT,Grenoble,Chavant,1,LaMetro
clusters,"45.13521,5.66842",SEM:CHEABBE,SEM:GENCHEABBE,Claix,Chemin de l'Abbé,1,LaMetro
clusters,"45.22733,5.75876",SEM:CHEMBATO,SEM:GENCHEMBATO,Corenc,Batonnière,1,LaMetro
clusters,"45.21055,5.70612",SEM:CHEMI,SEM:GENCHEMI,Saint-Martin-le-Vinoux,Canet,1,LaMetro
clusters,"45.2366,5.69236",SEM:CHEMVER,SEM:GENCHEMVER,Saint-Égrève,Chemin Vert,1,LaMetro
clusters,"45.21809,5.65343",SEM:CHENES,SEM:GENCHENES,Sassenage,Les Chênes,1,LaMetro
clusters,"45.20673,5.82734",SEM:CHENEVIE,SEM:GENCHENEVIE,Domène,Chenevières,1,LaMetro
clusters,"45.26117,5.69831",SEM:CHIAISE,SEM:GENCHIAISE,Proveysieux,La Chiaise,1,LaMetro
clusters,"45.12118,5.68251",SEM:CHIEZE,SEM:GENCHIEZE,Claix,La Chièze,1,LaMetro
clusters,"45.14025,5.78364",SEM:CHOLLET,SEM:GENCHOLLET,Brié-et-Angonnes,Le Chollet,1,LaMetro
clusters,"45.16605,5.75142",SEM:CHOPIN,SEM:GENCHOPIN,Saint-Martin-d'Hères,Chopin,1,LaMetro
clusters,"45.18593,5.71744",SEM:CHORCOND,SEM:GENCHORCOND,Grenoble,Chorier - Condorcet,1,LaMetro
clusters,"45.16137,5.72414",SEM:CHRISTUR,SEM:GENCHRISTUR,Grenoble,Christophe Turc,1,LaMetro
clusters,"45.26474,5.77743",SEM:CHURU,SEM:GENCHURU,Le Sappey-en-Chartreuse,Churut,1,LaMetro
clusters,"45.04812,5.66739",SEM:CIMEBOUR,SEM:GENCIMEBOUR,Vif,La Cime du Bourg,1,LaMetro
clusters,"45.25733,5.74609",SEM:CIMEMONT,SEM:GENCIMEMONT,Quaix-en-Chartreuse,La Cime de Mont-Quaix,1,LaMetro
clusters,"45.13047,5.68357",SEM:CIMENTIE,SEM:GENCIMENTIE,Claix,Les Cimentiers,1,LaMetro
clusters,"45.16967,5.68346",SEM:CIMESEYP,SEM:GENCIMESEYP,Seyssinet-Pariset,Cimetière,1,LaMetro
clusters,"45.14524,5.67678",SEM:CIMETIGA,SEM:GENCIMETIGA,Seyssins,Garlettes,1,LaMetro
clusters,"45.19247,5.74534",SEM:CIMETIGS,SEM:GENCIMETIGS,La Tronche,Cimetière du Grand Sablon,1,LaMetro
clusters,"45.19508,5.7112",SEM:CITEINTE,SEM:GENCITEINTE,Grenoble,Cité Internationale,1,LaMetro
clusters,"45.18234,5.7598",SEM:CITELABE,SEM:GENCITELABE,Saint-Martin-d'Hères,Cité Labeye,1,LaMetro
clusters,"45.19996,5.7105",SEM:CITEMACE,SEM:GENCITEMACE,Grenoble,Cité Jean Macé,1,LaMetro
clusters,"45.16855,5.70479",SEM:CITEPMIS,SEM:GENCITEPMIS,Grenoble,Cité Paul Mistral,1,LaMetro
clusters,"45.09546,5.67214",SEM:CITESCOL,SEM:GENCITESCOL,Varces-Allières-et-Risset,Collège Jules Verne,1,LaMetro
clusters,"45.12025,5.67247",SEM:CLAIXMAI,SEM:GENCLAIXMAI,Claix,Claix Mairie,1,LaMetro
clusters,"45.18388,5.74107",SEM:CLEMENCE,SEM:GENCLEMENCE,Grenoble,Clémenceau,1,LaMetro
clusters,"45.18598,5.76095",SEM:CLINBELD,SEM:GENCLINBELD,Saint-Martin-d'Hères,Clinique Belledonne,1,LaMetro
clusters,"45.16201,5.67406",SEM:CLINDAU,SEM:GENCLINDAU,Seyssins,Clinique - Portail,1,LaMetro
clusters,"45.18126,5.71028",SEM:CLINMUT,SEM:GENCLINMUT,Grenoble,Groupe Hospitalier Mutualiste,1,LaMetro
clusters,"45.13546,5.70127",SEM:CLOSDOMI,SEM:GENCLOSDOMI,Le Pont-de-Claix,Clos Dominique,1,LaMetro
clusters,"45.16955,5.72321",SEM:CLOSDOR,SEM:GENCLOSDOR,Grenoble,Clos d'Or,1,LaMetro
clusters,"45.20968,5.71052",SEM:CLOSGRUE,SEM:GENCLOSGRUE,Saint-Martin-le-Vinoux,Clos Gérard Gruel,1,LaMetro
clusters,"45.09693,5.74585",SEM:CLOSJUV,SEM:GENCLOSJUV,Jarrie,Clos Jouvin,1,LaMetro
clusters,"45.20503,5.71402",SEM:CLOSSTMA,SEM:GENCLOSSTMA,Saint-Martin-le-Vinoux,Clos Saint-Martin,1,LaMetro
clusters,"44.99089,5.59541",SEM:COLARZEL,SEM:GENCOLARZEL,Le Gua,Col de l'Arzelier,1,LaMetro
clusters,"45.27237,5.67606",SEM:COLAVIER,SEM:GENCOLAVIER,Mont-Saint-Martin,Colavière,1,LaMetro
clusters,"45.21784,5.69096",SEM:COLCHART,SEM:GENCOLCHART,Saint-Martin-le-Vinoux,Collège Chartreuse,1,LaMetro
clusters,"45.23437,5.72578",SEM:COLCLEME,SEM:GENCOLCLEME,Saint-Martin-le-Vinoux,Col de Clémencières,1,LaMetro
clusters,"45.14004,5.6732",SEM:COLCOMBO,SEM:GENCOLCOMBO,Claix,Col de Comboire,1,LaMetro
clusters,"45.20302,5.66953",SEM:COLFLE,SEM:GENCOLFLE,Sassenage,Collège Fleming,1,LaMetro
clusters,"45.18073,5.76596",SEM:COLI,SEM:GENCOLI,Saint-Martin-d'Hères,Coli,1,LaMetro
clusters,"45.16143,5.74306",SEM:COLLSAUL,SEM:GENCOLLSAUL,Eybens,Collège des Saules,1,LaMetro
clusters,"45.14647,5.70177",SEM:COLMANHE,SEM:GENCOLMANHE,Échirolles,Colonel Manhès,1,LaMetro
clusters,"45.08654,5.77467",SEM:COLMATTO,SEM:GENCOLMATTO,Vizille,Collège Les Mattons,1,LaMetro
clusters,"45.28982,5.76704",SEM:COLPORTE,SEM:GENCOLPORTE,Sarcenas,Col de Porte,1,LaMetro
clusters,"45.234,5.75107",SEM:COLVENCE,SEM:GENCOLVENCE,Corenc,Col de Vence,1,LaMetro
clusters,"45.27742,5.71585",SEM:COMBALEY,SEM:GENCOMBALEY,Proveysieux,Planfay Combaleyre,1,LaMetro
clusters,"45.13446,5.71471",SEM:COMBE,SEM:GENCOMBE,Échirolles,Pied de la Combe,1,LaMetro
clusters,"45.14583,5.69081",SEM:COMBOIRE,SEM:GENCOMBOIRE,Échirolles,Comboire,1,LaMetro
clusters,"45.20324,5.74535",SEM:COMMANAL,SEM:GENCOMMANAL,La Tronche,Commandant Nal,1,LaMetro
clusters,"45.14363,5.73336",SEM:COMMANDE,SEM:GENCOMMANDE,Échirolles,Commanderie,1,LaMetro
clusters,"45.21142,5.67272",SEM:COMPLEXE,SEM:GENCOMPLEXE,Sassenage,Complexe Sportif,1,LaMetro
clusters,"45.04472,5.70732",SEM:CONDAM,SEM:GENCONDAM,Saint-Georges-de-Commiers,Les Condamines,1,LaMetro
clusters,"45.18915,5.77445",SEM:CONDIUNI,SEM:GENCONDIUNI,Saint-Martin-d'Hères,Condillac - Universités,1,LaMetro
clusters,"45.18553,5.71823",SEM:CONDORCE,SEM:GENCONDORCE,Grenoble,Condorcet,1,LaMetro
clusters,"45.20592,5.70944",SEM:CONRADKI,SEM:GENCONRADKI,Saint-Martin-le-Vinoux,Conrad Kilian,1,LaMetro
clusters,"45.20974,5.75272",SEM:CORENCMA,SEM:GENCORENCMA,Corenc,Corenc Mairie,1,LaMetro
clusters,"45.21983,5.76229",SEM:CORENCVI,SEM:GENCORENCVI,Corenc,Corenc Village,1,LaMetro
clusters,"45.21809,5.76046",SEM:CORNEDOR,SEM:GENCORNEDOR,Corenc,La Corne d'Or,1,LaMetro
clusters,"45.08176,5.78758",SEM:CORNIERS,SEM:GENCORNIERS,Vizille,Les Corniers,1,LaMetro
clusters,"45.13895,5.67006",SEM:COSSEY,SEM:GENCOSSEY,Claix,Cossey,1,LaMetro
clusters,"45.12669,5.6867",SEM:COTEAU,SEM:GENCOTEAU,Claix,Le Coteau,1,LaMetro
clusters,"45.21006,5.64749",SEM:COTESASS,SEM:GENCOTESASS,Sassenage,Les Côtes,1,LaMetro
clusters,"45.20004,5.83528",SEM:COUBERTI,SEM:GENCOUBERTI,Domène,Coubertin,1,LaMetro
clusters,"45.07055,5.64494",SEM:CROIX,SEM:GENCROIX,Saint-Paul-de-Varces,La Croix,1,LaMetro
clusters,"45.18558,5.7479",SEM:CROIXROU,SEM:GENCROIXROU,Saint-Martin-d'Hères,Croix Rouge,1,LaMetro
clusters,"45.1292,5.67128",SEM:CRXROLLA,SEM:GENCRXROLLA,Claix,La Croix Rolland,1,LaMetro
clusters,"45.17006,5.80858",SEM:CULFROID,SEM:GENCULFROID,Venon,Cul Froid,1,LaMetro
clusters,"45.19188,5.69505",SEM:CURIVERC,SEM:GENCURIVERC,Fontaine,Curie - Vercors,1,LaMetro
clusters,"45.2349,5.68768",SEM:CUVILLEU,SEM:GENCUVILLEU,Saint-Égrève,Cuvilleux,1,LaMetro
clusters,"45.226,5.7842",SEM:CXCIBENS,SEM:GENCXCIBENS,Meylan,Croix de Cibeins,1,LaMetro
clusters,"45.20879,5.74934",SEM:CXMONTFL,SEM:GENCXMONTFL,Corenc,Croix de Montfleury,1,LaMetro
clusters,"45.16821,5.76174",SEM:CXPATRE,SEM:GENCXPATRE,Saint-Martin-d'Hères,Croix du Pâtre,1,LaMetro
clusters,"45.22374,5.78177",SEM:CXRAMEAU,SEM:GENCXRAMEAU,Meylan,Croix des Rameaux,1,LaMetro
clusters,"45.16163,5.74447",SEM:DEGAULLE,SEM:GENDEGAULLE,Eybens,Général de Gaulle,1,LaMetro
clusters,"45.13832,5.71307",SEM:DENPAPIN,SEM:GENDENPAPIN,Échirolles,Denis Papin,1,LaMetro
clusters,"45.21285,5.64587",SEM:DENT,SEM:GENDENT,Sassenage,La Dent du Loup,1,LaMetro
clusters,"45.17829,5.72771",SEM:DEPORTES,SEM:GENDEPORTES,Grenoble,Rue des Déportés,1,LaMetro
clusters,"45.22278,5.7927",SEM:DETOURBE,SEM:GENDETOURBE,Meylan,La Détourbe,1,LaMetro
clusters,"45.20152,5.83821",SEM:DOMENEMA,SEM:GENDOMENEMA,Domène,Domène Mairie,1,LaMetro
clusters,"45.20138,5.75303",SEM:DOYENGOS,SEM:GENDOYENGOS,La Tronche,Doyen Gosse,1,LaMetro
clusters,"45.12265,5.69102",SEM:DRAC,SEM:GENDRAC,Claix,Mémorial,1,LaMetro
clusters,"45.14895,5.69397",SEM:DRAC2,SEM:GENDRAC2,Échirolles,Drac,1,LaMetro
clusters,"45.18013,5.71077",SEM:DRCALME,SEM:GENDRCALME,Grenoble,Vallier - Docteur Calmette,1,LaMetro
clusters,"45.18228,5.7341",SEM:DRIANT,SEM:GENDRIANT,Grenoble,Driant,1,LaMetro
clusters,"45.18731,5.72728",SEM:DRMARTIN,SEM:GENDRMARTIN,Grenoble,Docteur Martin,1,LaMetro
clusters,"45.19128,5.72201",SEM:DRMAZET,SEM:GENDRMAZET,Grenoble,Docteur Mazet,1,LaMetro
clusters,"45.17245,5.70632",SEM:DRSCHWEI,SEM:GENDRSCHWEI,Grenoble,Docteur Schweitzer,1,LaMetro
clusters,"45.1902,5.72822",SEM:DUBEDOUT,SEM:GENDUBEDOUT,Grenoble,Hubert Dubedout - Maison du Tourisme,1,LaMetro
clusters,"45.1988,5.71015",SEM:DURANT,SEM:GENDURANT,Grenoble,Durant-Savoyat,1,LaMetro
clusters,"45.26824,5.61944",SEM:ECHALIER,SEM:GENECHALIER,Veurey-Voroize,Les Echalières,1,LaMetro
clusters,"45.15302,5.71848",SEM:ECHIGARE,SEM:GENECHIGARE,Échirolles,Echirolles Gare,1,LaMetro
clusters,"45.25346,5.71992",SEM:ECOLE,SEM:GENECOLE,Quaix-en-Chartreuse,Quaix-en-Chartreuse Village,1,LaMetro
clusters,"45.07999,5.73469",SEM:ECOLELP,SEM:GENECOLELP,Champ-sur-Drac,Le Pavillon,1,LaMetro
clusters,"45.06908,5.69334",SEM:ECOLEREY,SEM:GENECOLEREY,Vif,Ecole Reymure,1,LaMetro
clusters,"45.14638,5.72973",SEM:ECOLHOSP,SEM:GENECOLHOSP,Échirolles,Ecoles Hospitalières,1,LaMetro
clusters,"45.19753,5.68631",SEM:ECRINS,SEM:GENECRINS,Fontaine,Les Écrins,1,LaMetro
clusters,"45.14261,5.70384",SEM:ECUREUIL,SEM:GENECUREUIL,Échirolles,Ecureuil,1,LaMetro
clusters,"45.18149,5.78755",SEM:EDELWEIS,SEM:GENEDELWEIS,Gières,Edelweiss,1,LaMetro
clusters,"45.18183,5.74091",SEM:EDISON,SEM:GENEDISON,Grenoble,Edison,1,LaMetro
clusters,"45.15937,5.72662",SEM:EDMOESMO,SEM:GENEDMOESMO,Grenoble,Edmond Esmonin,1,LaMetro
clusters,"45.17446,5.75432",SEM:EDROSTAN,SEM:GENEDROSTAN,Saint-Martin-d'Hères,Edmond Rostand,1,LaMetro
clusters,"45.17902,5.75528",SEM:EDVAILLA,SEM:GENEDVAILLA,Saint-Martin-d'Hères,Edouard Vaillant,1,LaMetro
clusters,"45.23999,5.68407",SEM:EGLISESE,SEM:GENEGLISESE,Saint-Égrève,Eglise,1,LaMetro
clusters,"45.26335,5.69973",SEM:EGRECOLE,SEM:GENEGRECOLE,Proveysieux,Proveysieux Village,1,LaMetro
clusters,"45.27608,5.70727",SEM:EGREGUA,SEM:GENEGREGUA,Proveysieux,Pont du Gua,1,LaMetro
clusters,"45.25822,5.69591",SEM:EGREMOLL,SEM:GENEGREMOLL,Proveysieux,Le Mollard,1,LaMetro
clusters,"45.08403,5.77517",SEM:EJCURIE,SEM:GENEJCURIE,Vizille,Ecoles Joliot-Curie,1,LaMetro
clusters,"45.17958,5.77015",SEM:ELSATRIO,SEM:GENELSATRIO,Saint-Martin-d'Hères,Elsa Triolet,1,LaMetro
clusters,"45.2196,5.66022",SEM:ENGENIER,SEM:GENENGENIER,Sassenage,Les Engenières,1,LaMetro
clusters,"45.19496,5.77481",SEM:EPICEA,SEM:GENEPICEA,Gières,Epicéa,1,LaMetro
clusters,"45.19158,5.7065",SEM:ESCLANGO,SEM:GENESCLANGO,Grenoble,Esclangon,1,LaMetro
clusters,"45.19566,5.71679",SEM:ESPLANAD,SEM:GENESPLANAD,Grenoble,Annie Fratellini-Esplanade,1,LaMetro
clusters,"45.15588,5.71909",SEM:ESSARTS,SEM:GENESSARTS,Échirolles,Essarts - La Butte,1,LaMetro
clusters,"45.17213,5.75769",SEM:ETIEGRAP,SEM:GENETIEGRAP,Saint-Martin-d'Hères,Etienne Grappe,1,LaMetro
clusters,"45.17284,5.72476",SEM:EUGENESU,SEM:GENEUGENESU,Grenoble,Eugène Sue,1,LaMetro
clusters,"45.14733,5.74979",SEM:EYBMAIRI,SEM:GENEYBMAIRI,Eybens,Eybens Mairie,1,LaMetro
clusters,"45.21385,5.76461",SEM:EYGALA,SEM:GENEYGALA,Corenc,Eygala,1,LaMetro
clusters,"45.2115,5.77392",SEM:FACPHARM,SEM:GENFACPHARM,Meylan,Faculté de Pharmacie,1,LaMetro
clusters,"45.17651,5.69427",SEM:FAUCONNI,SEM:GENFAUCONNI,Seyssinet-Pariset,Fauconnière,1,LaMetro
clusters,"45.19073,5.71847",SEM:FELIXVIA,SEM:GENFELIXVIA,Grenoble,Félix Viallet,1,LaMetro
clusters,"45.22864,5.69171",SEM:FIANCEY,SEM:GENFIANCEY,Saint-Égrève,Chemin Fiancey,1,LaMetro
clusters,"45.17049,5.72791",SEM:FLAUCLOS,SEM:GENFLAUCLOS,Grenoble,Flaubert - Clos d'Or,1,LaMetro
clusters,"45.27158,5.67442",SEM:FOCHAIRE,SEM:GENFOCHAIRE,Mont-Saint-Martin,Fochaire,1,LaMetro
clusters,"45.1808,5.72256",SEM:FOCHFERI,SEM:GENFOCHFERI,Grenoble,Foch - Ferrié,1,LaMetro
clusters,"45.12215,5.68935",SEM:FONDRATE,SEM:GENFONDRATE,Claix,Fond Ratel,1,LaMetro
clusters,"45.08728,5.70786",SEM:FONTAGNE,SEM:GENFONTAGNE,Varces-Allières-et-Risset,Fontagneux,1,LaMetro
clusters,"45.19134,5.68727",SEM:FONTAHDV,SEM:GENFONTAHDV,Fontaine,Fontaine Hôtel de Ville - La Source,1,LaMetro
clusters,"45.18909,5.69844",SEM:FONTAINA,SEM:GENFONTAINA,Fontaine,Les Fontainades - Le Vog,1,LaMetro
clusters,"45.25507,5.66148",SEM:FONTANIL,SEM:GENFONTANIL,Fontanil-Cornillon,Palluel,1,LaMetro
clusters,"45.25618,5.66633",SEM:FONTANIM,SEM:GENFONTANIM,Fontanil-Cornillon,Le Fontanil Mairie,1,LaMetro
clusters,"45.25823,5.66385",SEM:FONTCIM,SEM:GENFONTCIM,Fontanil-Cornillon,Le Fontanil Cimetière,1,LaMetro
clusters,"45.2592,5.7449",SEM:FONVIEIL,SEM:GENFONVIEIL,Quaix-en-Chartreuse,Fontvieille,1,LaMetro
clusters,"45.20966,5.677",SEM:FRBLUMET,SEM:GENFRBLUMET,Sassenage,François Blumet,1,LaMetro
clusters,"45.17338,5.79514",SEM:FRENAIE,SEM:GENFRENAIE,Venon,La Frênaie,1,LaMetro
clusters,"45.1479,5.73517",SEM:FRQUESNA,SEM:GENFRQUESNA,Échirolles,François Quesnay,1,LaMetro
clusters,"45.12596,5.67131",SEM:FURONNIE,SEM:GENFURONNIE,Claix,Furonnières,1,LaMetro
clusters,"45.19228,5.7643",SEM:GABFAURE,SEM:GENGABFAURE,Saint-Martin-d'Hères,Gabriel Fauré,1,LaMetro
clusters,"45.21485,5.68576",SEM:GAGNIERE,SEM:GENGAGNIERE,Saint-Martin-le-Vinoux,Louis Gagnière,1,LaMetro
clusters,"45.17878,5.77315",SEM:GALOCHER,SEM:GENGALOCHER,Saint-Martin-d'Hères,Galochère,1,LaMetro
clusters,"45.06389,5.66986",SEM:GARCINS,SEM:GENGARCINS,Vif,Les Garcins,1,LaMetro
clusters,"45.07049,5.65062",SEM:GARDE,SEM:GENGARDE,Saint-Paul-de-Varces,La Garde,1,LaMetro
clusters,"45.08563,5.74255",SEM:GAREJARR,SEM:GENGAREJARR,Jarrie,Jarrie Gare,1,LaMetro
clusters,"45.22729,5.76583",SEM:GARENNE,SEM:GENGARENNE,Corenc,La Garenne,1,LaMetro
clusters,"45.19078,5.71554",SEM:GARES,SEM:GENGARES,Grenoble,Gares,1,LaMetro
clusters,"45.19095,5.71557",SEM:GARESNCF,SEM:GENGARESNCF,Grenoble,Gares,,LaMetro
clusters,"45.14748,5.67773",SEM:GARLETTE,SEM:GENGARLETTE,Seyssins,Garlettes,,LaMetro
clusters,"45.19298,5.71406",SEM:GAROUTIE,SEM:GENGAROUTIE,Grenoble,Gare Routière,1,LaMetro
clusters,"45.24122,5.68148",SEM:GAVANIER,SEM:GENGAVANIER,Saint-Égrève,Gavanière,1,LaMetro
clusters,"45.18479,5.75086",SEM:GAY,SEM:GENGAY,Saint-Martin-d'Hères,Gay,1,LaMetro
clusters,"45.13645,5.71214",SEM:GAYLUSSA,SEM:GENGAYLUSSA,Échirolles,Gay Lussac,1,LaMetro
clusters,"45.18194,5.74841",SEM:GDCHATEL,SEM:GENGDCHATEL,Saint-Martin-d'Hères,Grand Châtelet,1,LaMetro
clusters,"45.20704,5.74578",SEM:GDTRONCH,SEM:GENGDTRONCH,La Tronche,Grande Tronche,1,LaMetro
clusters,"45.07385,5.72957",SEM:GDVERGER,SEM:GENGDVERGER,Champ-sur-Drac,Grand Verger,1,LaMetro
clusters,"45.19647,5.67704",SEM:GERARPHI,SEM:GENGERARPHI,Fontaine,Gérard Philipe,1,LaMetro
clusters,"45.18528,5.78458",SEM:GIERGARE,SEM:GENGIERGARE,Gières,Gières Gare - Universités,1,LaMetro
clusters,"45.19421,5.72525",SEM:GIGNOUX,SEM:GENGIGNOUX,Grenoble,Maurice Gignoux,1,LaMetro
clusters,"45.09503,5.67982",SEM:GIRAUDIE,SEM:GENGIRAUDIE,Varces-Allières-et-Risset,La Giraudière,1,LaMetro
clusters,"45.16964,5.76358",SEM:GLAIEULS,SEM:GENGLAIEULS,Saint-Martin-d'Hères,Glaïeuls,1,LaMetro
clusters,"45.21901,5.67949",SEM:GLAIRAUX,SEM:GENGLAIRAUX,Saint-Égrève,Les Glairaux,1,LaMetro
clusters,"45.14962,5.71167",SEM:GLIERES,SEM:GENGLIERES,Échirolles,Les Glières,1,LaMetro
clusters,"45.07745,5.73156",SEM:GONNADIE,SEM:GENGONNADIE,Champ-sur-Drac,Marcel Paul,1,LaMetro
clusters,"45.17178,5.69424",SEM:GRANDPRE,SEM:GENGRANDPRE,Seyssinet-Pariset,Grand Pré,1,LaMetro
clusters,"45.24558,5.69563",SEM:GRANG,SEM:GENGRANG,Saint-Égrève,Grange Haute,1,LaMetro
clusters,"45.03933,5.66126",SEM:GRANGE,SEM:GENGRANGE,Vif,La Grange,1,LaMetro
clusters,"45.15696,5.72781",SEM:GRANGES,SEM:GENGRANGES,Échirolles,Les Granges,1,LaMetro
clusters,"45.21027,5.78453",SEM:GRANIER,SEM:GENGRANIER,Meylan,Granier,1,LaMetro
clusters,"45.14185,5.71816",SEM:GRAPH,SEM:GENGRAPH,Échirolles,Centre du graphisme,1,LaMetro
clusters,"45.15893,5.73179",SEM:GRDPLACE,SEM:GENGRDPLACE,Grenoble,Grand'place,1,LaMetro
clusters,"45.19903,5.75",SEM:GRDSABLO,SEM:GENGRDSABLO,La Tronche,Grand Sablon,1,LaMetro
clusters,"45.18746,5.73779",SEM:GREHOTEL,SEM:GENGREHOTEL,Grenoble,Grenoble Hôtel de Ville,1,LaMetro
clusters,"45.20997,5.76177",SEM:GRESIVAU,SEM:GENGRESIVAU,Corenc,Grésivaudan,1,LaMetro
clusters,"45.08233,5.77515",SEM:GRIMPI,SEM:GENGRIMPI,Vizille,Le Grimpillon,1,LaMetro
clusters,"45.07832,5.7021",SEM:GROSCHEN,SEM:GENGROSCHEN,Varces-Allières-et-Risset,Le Gros Chêne,1,LaMetro
clusters,"45.15127,5.70946",SEM:GRUGLIAS,SEM:GENGRUGLIAS,Échirolles,Grugliasco,1,LaMetro
clusters,"45.22869,5.78464",SEM:GUEBOUTE,SEM:GENGUEBOUTE,Meylan,Gué du Boutet,1,LaMetro
clusters,"45.20414,5.71545",SEM:GUERIMAN,SEM:GENGUERIMAN,Saint-Martin-le-Vinoux,16 Août 1944,1,LaMetro
clusters,"45.12655,5.8167",SEM:GUICHARD,SEM:GENGUICHARD,Vaulnaveys-le-Haut,Les Guichards,1,LaMetro
clusters,"45.03859,5.70576",SEM:GUILBERT,SEM:GENGUILBERT,Saint-Georges-de-Commiers,Les Guiberts,1,LaMetro
clusters,"45.1817,5.72783",SEM:GUSTRIVE,SEM:GENGUSTRIVE,Grenoble,Gustave Rivet,1,LaMetro
clusters,"45.14548,5.72585",SEM:GUYMOCQU,SEM:GENGUYMOCQU,Échirolles,Guy Mocquet,1,LaMetro
clusters,"45.19137,5.75866",SEM:HBERLUNI,SEM:GENHBERLUNI,Saint-Martin-d'Hères,Hector Berlioz - Universités,1,LaMetro
clusters,"45.17441,5.7083",SEM:HDUNANT,SEM:GENHDUNANT,Grenoble,Henri Dunant,1,LaMetro
clusters,"45.13887,5.79311",SEM:HEBOURG,SEM:GENHEBOURG,Herbeys,Herbeys Le Bourg,1,LaMetro
clusters,"45.1474,5.67773",SEM:HENRIREY,SEM:GENHENRIREY,Seyssins,Henri Rey,1,LaMetro
clusters,"45.17563,5.76392",SEM:HENRIWAL,SEM:GENHENRIWAL,Saint-Martin-d'Hères,Henri Wallon,1,LaMetro
clusters,"45.1469,5.73274",SEM:HOPITSUD,SEM:GENHOPITSUD,Échirolles,Hôpital Sud,1,LaMetro
clusters,"45.19714,5.74758",SEM:HOPMICHA,SEM:GENHOPMICHA,La Tronche,Hôpital Michallon,1,LaMetro
clusters,"45.1941,5.73571",SEM:HOPOLICE,SEM:GENHOPOLICE,Grenoble,Hôtel de Police,1,LaMetro
clusters,"45.21363,5.69885",SEM:HORLOGE,SEM:GENHORLOGE,Saint-Martin-le-Vinoux,Horloge,1,LaMetro
clusters,"45.21153,5.71775",SEM:HOTELBEL,SEM:GENHOTELBEL,Saint-Martin-le-Vinoux,Hôtel Bellevue,1,LaMetro
clusters,"45.17794,5.7517",SEM:HOUILLEB,SEM:GENHOUILLEB,Saint-Martin-d'Hères,Houille Blanche,1,LaMetro
clusters,"45.21798,5.77913",SEM:HTMEYLAN,SEM:GENHTMEYLAN,Meylan,Haut-Meylan,1,LaMetro
clusters,"45.24179,5.75433",SEM:HVENCE,SEM:GENHVENCE,Corenc,Hameau de Vence,1,LaMetro
clusters,"45.25971,5.62608",SEM:ILESCORD,SEM:GENILESCORD,Veurey-Voroize,Iles Cordées,1,LaMetro
clusters,"45.13197,5.70026",SEM:ILESMARS,SEM:GENILESMARS,Le Pont-de-Claix,Iles de Mars,1,LaMetro
clusters,"45.19713,5.73662",SEM:ILEVERTE,SEM:GENILEVERTE,Grenoble,Ile Verte,1,LaMetro
clusters,"45.14713,5.74546",SEM:ILIADE,SEM:GENILIADE,Eybens,L'Iliade,1,LaMetro
clusters,"45.12742,5.69856",SEM:IRENEJOL,SEM:GENIRENEJOL,Le Pont-de-Claix,Irène Joliot-Curie,1,LaMetro
clusters,"45.04881,5.70664",SEM:ISLE,SEM:GENISLE,Saint-Georges-de-Commiers,Les Isles,1,LaMetro
clusters,"45.19766,5.77588",SEM:IUTUFRAP,SEM:GENIUTUFRAP,Gières,Universités - IUT - UFRAPS,1,LaMetro
clusters,"45.06461,5.69128",SEM:JACOBINS,SEM:GENJACOBINS,Vif,Jacobins,1,LaMetro
clusters,"45.22103,5.79007",SEM:JAILLIER,SEM:GENJAILLIER,Meylan,Les Jaillières,1,LaMetro
clusters,"45.15034,5.7499",SEM:JAVAUX,SEM:GENJAVAUX,Eybens,Les Javaux,1,LaMetro
clusters,"45.12172,5.8144",SEM:JBRUANT,SEM:GENJBRUANT,Vaulnaveys-le-Haut,Ecole Jules Bruant,1,LaMetro
clusters,"45.18177,5.74518",SEM:JEANNARC,SEM:GENJEANNARC,Grenoble,Jeanne d'Arc,1,LaMetro
clusters,"45.18955,5.68276",SEM:JEANPREV,SEM:GENJEANPREV,Fontaine,Jean Prévost,1,LaMetro
clusters,"45.20854,5.75845",SEM:JFLANDRI,SEM:GENJFLANDRI,Meylan,Jules Flandrin,1,LaMetro
clusters,"45.16682,5.74175",SEM:JRACINE,SEM:GENJRACINE,Grenoble,Jean Racine,1,LaMetro
clusters,"45.19791,5.68878",SEM:JULESGUE,SEM:GENJULESGUE,Fontaine,Jules Guesde,1,LaMetro
clusters,"45.20658,5.74278",SEM:JULESREY,SEM:GENJULESREY,La Tronche,Jules Rey,1,LaMetro
clusters,"45.24235,5.67093",SEM:KARBEN,SEM:GENKARBEN,Saint-Égrève,Karben,1,LaMetro
clusters,"45.18652,5.68729",SEM:KARLMARX,SEM:GENKARLMARX,Fontaine,Karl Marx,1,LaMetro
clusters,"45.16003,5.68982",SEM:LABAUME,SEM:GENLABAUME,Seyssins,La Baume,1,LaMetro
clusters,"45.22242,5.72475",SEM:LACHAL,SEM:GENLACHAL,Saint-Martin-le-Vinoux,Lachal,1,LaMetro
clusters,"45.01277,5.61587",SEM:LACHARRI,SEM:GENLACHARRI,Le Gua,La Charrière,1,LaMetro
clusters,"45.17051,5.80746",SEM:LACHENAI,SEM:GENLACHENAI,Venon,La Chênaie,1,LaMetro
clusters,"45.17412,5.79001",SEM:LACOMBE,SEM:GENLACOMBE,Gières,La Combe,1,LaMetro
clusters,"45.25606,5.62814",SEM:LACUCHE,SEM:GENLACUCHE,Veurey-Voroize,La Cuche,1,LaMetro
clusters,"45.17542,5.79467",SEM:LAFAURIE,SEM:GENLAFAURIE,Venon,La Faurie,1,LaMetro
clusters,"45.2171,5.77634",SEM:LAFOY,SEM:GENLAFOY,Meylan,La Foy,1,LaMetro
clusters,"45.1408,5.74997",SEM:LAGAY,SEM:GENLAGAY,Bresson,Lagay,1,LaMetro
clusters,"45.1613,5.68296",SEM:LAGNEAU,SEM:GENLAGNEAU,Seyssins,L'Agneau,1,LaMetro
clusters,"45.21513,5.71914",SEM:LAGOMMA,SEM:GENLAGOMMA,Saint-Martin-le-Vinoux,La Gomma,1,LaMetro
clusters,"45.14003,5.69852",SEM:LALUIRE,SEM:GENLALUIRE,Le Pont-de-Claix,Gendarmerie,1,LaMetro
clusters,"45.15551,5.67222",SEM:LALUNE,SEM:GENLALUNE,Seyssins,Rue de la Lune,1,LaMetro
clusters,"45.07063,5.72713",SEM:LAMELLE,SEM:GENLAMELLE,Champ-sur-Drac,La Melle,1,LaMetro
clusters,"45.23799,5.68861",SEM:LAMONTA,SEM:GENLAMONTA,Saint-Égrève,La Monta,1,LaMetro
clusters,"45.13035,5.69975",SEM:LAMPHI,SEM:GENLAMPHI,Le Pont-de-Claix,L'Amphi,1,LaMetro
clusters,"45.17825,5.69178",SEM:LAMURAIL,SEM:GENLAMURAIL,Seyssinet-Pariset,Murailles,1,LaMetro
clusters,"45.14346,5.72313",SEM:LANGEVIN,SEM:GENLANGEVIN,Échirolles,Paul Langevin,1,LaMetro
clusters,"44.98916,5.62198",SEM:LAPIERRE,SEM:GENLAPIERRE,Le Gua,La Pierre,1,LaMetro
clusters,"45.1726,5.69689",SEM:LAPLAINE,SEM:GENLAPLAINE,Seyssinet-Pariset,La Plaine,1,LaMetro
clusters,"45.19709,5.67222",SEM:LAPOYA,SEM:GENLAPOYA,Fontaine,La Poya,1,LaMetro
clusters,"45.29462,5.76561",SEM:LAPRAIRI,SEM:GENLAPRAIRI,Sarcenas,La Prairie,1,LaMetro
clusters,"45.26869,5.6686",SEM:LARIVO,SEM:GENLARIVO,Mont-Saint-Martin,La Rivoire,1,LaMetro
clusters,"45.22001,5.71507",SEM:LARIVOIR,SEM:GENLARIVOIR,Saint-Martin-le-Vinoux,La Rivoire,1,LaMetro
clusters,"45.17283,5.79806",SEM:LASERRAL,SEM:GENLASERRAL,Venon,La Serralière,1,LaMetro
clusters,"45.20279,5.68586",SEM:LASURE,SEM:GENLASURE,Fontaine,La Sure,1,LaMetro
clusters,"45.03822,5.70418",SEM:LATOUR,SEM:GENLATOUR,Saint-Georges-de-Commiers,La Tour,1,LaMetro
clusters,"45.13617,5.82423",SEM:LATUILE,SEM:GENLATUILE,Vaulnaveys-le-Haut,La Tuilerie,1,LaMetro
clusters,"45.05031,5.67129",SEM:LAVALONE,SEM:GENLAVALONE,Vif,La Valonne,1,LaMetro
clusters,"45.17409,5.80262",SEM:LAVILLE,SEM:GENLAVILLE,Venon,La Ville,1,LaMetro
clusters,"45.14781,5.75116",SEM:LEBOURG,SEM:GENLEBOURG,Eybens,Le Bourg,1,LaMetro
clusters,"45.2059,5.77174",SEM:LEBRET,SEM:GENLEBRET,Meylan,Le Brêt,1,LaMetro
clusters,"45.16149,5.67354",SEM:LECELLIE,SEM:GENLECELLIE,Seyssins,Clinique du Dauphiné,1,LaMetro
clusters,"45.18186,5.78095",SEM:LECHAMAN,SEM:GENLECHAMAN,Gières,Le Chamandier,1,LaMetro
clusters,"45.17096,5.82185",SEM:LECHAPON,SEM:GENLECHAPON,Venon,Le Chapon,1,LaMetro
clusters,"45.1631,5.8123",SEM:LECHENIL,SEM:GENLECHENIL,Venon,Le Chenil,1,LaMetro
clusters,"45.20454,5.75928",SEM:LECHERES,SEM:GENLECHERES,Meylan,Les Léchères,1,LaMetro
clusters,"45.16807,5.67875",SEM:LECOMB,SEM:GENLECOMB,Seyssinet-Pariset,Les Combes,1,LaMetro
clusters,"45.14391,5.74859",SEM:LECRET,SEM:GENLECRET,Eybens,Le Crêt,1,LaMetro
clusters,"45.22453,5.71878",SEM:LEGATINE,SEM:GENLEGATINE,Saint-Martin-le-Vinoux,Gatinet,1,LaMetro
clusters,"45.21529,5.74853",SEM:LEGORGET,SEM:GENLEGORGET,La Tronche,Le Gorget,1,LaMetro
clusters,"45.25474,5.77111",SEM:LEGOUILL,SEM:GENLEGOUILL,Le Sappey-en-Chartreuse,Le Gouillat,1,LaMetro
clusters,"45.20969,5.66443",SEM:LEGUA,SEM:GENLEGUA,Sassenage,Le Gua,1,LaMetro
clusters,"45.02211,5.64457",SEM:LEGUAMAI,SEM:GENLEGUAMAI,Le Gua,Le Gua Mairie,1,LaMetro
clusters,"45.18746,5.80706",SEM:LEJAPIN,SEM:GENLEJAPIN,Gières,Le Japin,1,LaMetro
clusters,"45.16412,5.75044",SEM:LEMARAIS,SEM:GENLEMARAIS,Saint-Martin-d'Hères,Le Marais,1,LaMetro
clusters,"45.2177,5.72187",SEM:LEMASGAC,SEM:GENLEMASGAC,Saint-Martin-le-Vinoux,Mas Caché,1,LaMetro
clusters,"45.1333,5.77484",SEM:LENCLOS,SEM:GENLENCLOS,Brié-et-Angonnes,L'Enclos,1,LaMetro
clusters,"45.08448,5.73474",SEM:LEOLA,SEM:GENLEOLA,Champ-sur-Drac,Léo Lagrange,1,LaMetro
clusters,"45.169,5.74444",SEM:LEONJOUH,SEM:GENLEONJOUH,Grenoble,Léon Jouhaux,1,LaMetro
clusters,"45.15864,5.67447",SEM:LEPARL,SEM:GENLEPARL,Seyssins,Le Parlement,1,LaMetro
clusters,"45.17245,5.81036",SEM:LEPERROU,SEM:GENLEPERROU,Venon,Le Perroud,1,LaMetro
clusters,"45.11776,5.7479",SEM:LEPLATR,SEM:GENLEPLATR,Jarrie,Le Plâtre,1,LaMetro
clusters,"45.09398,5.79326",SEM:LEPLATRE,SEM:GENLEPLATRE,Vaulnaveys-le-Bas,Chemin des Cottes,1,LaMetro
clusters,"45.15698,5.6788",SEM:LEPRIOU,SEM:GENLEPRIOU,Seyssins,Le Priou,1,LaMetro
clusters,"45.07462,5.69959",SEM:LEREFUGE,SEM:GENLEREFUGE,Vif,Le Refuge,1,LaMetro
clusters,"45.16989,5.81322",SEM:LEREYNET,SEM:GENLEREYNET,Venon,Le Reynet,1,LaMetro
clusters,"45.0323,5.65546",SEM:LERIF,SEM:GENLERIF,Vif,Le Rif,1,LaMetro
clusters,"45.20926,5.7423",SEM:LERONZA,SEM:GENLERONZA,La Tronche,Le Rozan,1,LaMetro
clusters,"45.07547,5.7786",SEM:LESALLAS,SEM:GENLESALLAS,Vizille,Les Allas,1,LaMetro
clusters,"45.17821,5.74264",SEM:LESBAINS,SEM:GENLESBAINS,Grenoble,Suzanne Noël - Les Bains,1,LaMetro
clusters,"45.20964,5.718",SEM:LESCOMBE,SEM:GENLESCOMBE,Saint-Martin-le-Vinoux,Les Combes,1,LaMetro
clusters,"45.15689,5.6708",SEM:LESCOTES,SEM:GENLESCOTES,Seyssins,Les Côtes,1,LaMetro
clusters,"45.1593,5.71376",SEM:LESESSAR,SEM:GENLESESSAR,Grenoble,Les Essarts,1,LaMetro
clusters,"45.01439,5.61354",SEM:LESFAURE,SEM:GENLESFAURE,Le Gua,Les Faures,1,LaMetro
clusters,"45.20589,5.71784",SEM:LESFAUVE,SEM:GENLESFAUVE,Saint-Martin-le-Vinoux,Les Fauvettes,1,LaMetro
clusters,"45.07716,5.76858",SEM:LESFORGE,SEM:GENLESFORGE,Vizille,Les Forges,1,LaMetro
clusters,"45.1841,5.69716",SEM:LESILES,SEM:GENLESILES,Seyssinet-Pariset,Les Iles,1,LaMetro
clusters,"45.19957,5.66989",SEM:LESPIES,SEM:GENLESPIES,Sassenage,Les Pies,1,LaMetro
clusters,"45.13788,5.7033",SEM:LETOILE,SEM:GENLETOILE,Le Pont-de-Claix,L'Etoile,1,LaMetro
clusters,"44.97015,5.60875",SEM:LEVERNAY,SEM:GENLEVERNAY,Miribel-Lanchâtre,Le Vernay,1,LaMetro
clusters,"45.22629,5.72548",SEM:LEVETIER,SEM:GENLEVETIER,Saint-Martin-le-Vinoux,Levetière,1,LaMetro
clusters,"45.21501,5.70418",SEM:LHERMITA,SEM:GENLHERMITA,Saint-Martin-le-Vinoux,L'Hermitage,1,LaMetro
clusters,"45.16976,5.71287",SEM:LMICHEL,SEM:GENLMICHEL,Grenoble,Louise Michel,1,LaMetro
clusters,"45.16999,5.73712",SEM:LOUISJOU,SEM:GENLOUISJOU,Grenoble,Louis Jouvet,1,LaMetro
clusters,"45.06872,5.76836",SEM:LTE,SEM:GENLTE,Vizille,Vizille Lycée,1,LaMetro
clusters,"45.21416,5.7791",SEM:LYCBACHA,SEM:GENLYCBACHA,Meylan,Lycée du Grésivaudan - Bachais,1,LaMetro
clusters,"45.2134,5.78085",SEM:LYCGRESI,SEM:GENLYCGRESI,Meylan,Lycée du Grésivaudan,1,LaMetro
clusters,"45.17304,5.71057",SEM:LYSROUGE,SEM:GENLYSROUGE,Grenoble,Lys Rouge,1,LaMetro
clusters,"45.18515,5.74324",SEM:MADELEIN,SEM:GENMADELEIN,Grenoble,Madeleine,1,LaMetro
clusters,"45.17347,5.73206",SEM:MAICULTU,SEM:GENMAICULTU,Grenoble,MC2: Maison de la Culture,1,LaMetro
clusters,"45.17354,5.71805",SEM:MAINNATI,SEM:GENMAINNATI,Grenoble,Marché d'Intérêt National,1,LaMetro
clusters,"45.21118,5.75092",SEM:MAIRIECO,SEM:GENMAIRIECO,Corenc,Mairie-Condamine,1,LaMetro
clusters,"45.20826,5.70685",SEM:MAIRIESM,SEM:GENMAIRIESM,Saint-Martin-le-Vinoux,Saint-Martin-le-Vinoux Hôtel de Ville,1,LaMetro
clusters,"45.15975,5.72325",SEM:MAISANCI,SEM:GENMAISANCI,Grenoble,Maison des Anciens,1,LaMetro
clusters,"45.16491,5.74252",SEM:MAISNEUV,SEM:GENMAISNEUV,Eybens,Maisons Neuves,1,LaMetro
clusters,"45.11181,5.80512",SEM:MAISON,SEM:GENMAISON,Vaulnaveys-le-Bas,Maison Blanche,1,LaMetro
clusters,"45.18412,5.75414",SEM:MAISONCO,SEM:GENMAISONCO,Saint-Martin-d'Hères,Maison Communale,1,LaMetro
clusters,"45.18912,5.69409",SEM:MAISONNA,SEM:GENMAISONNA,Fontaine,Louis Maisonnat,1,LaMetro
clusters,"45.21122,5.78722",SEM:MALACHER,SEM:GENMALACHER,Meylan,Malacher,1,LaMetro
clusters,"45.20773,5.68048",SEM:MALADIER,SEM:GENMALADIER,Sassenage,Maladière,1,LaMetro
clusters,"45.16928,5.73229",SEM:MALHERBE,SEM:GENMALHERBE,Grenoble,Malherbe,1,LaMetro
clusters,"45.13254,5.66688",SEM:MALHIVER,SEM:GENMALHIVER,Claix,Malhivert,1,LaMetro
clusters,"45.08396,5.7047",SEM:MALISSOL,SEM:GENMALISSOL,Varces-Allières-et-Risset,Malissolles,1,LaMetro
clusters,"45.18033,5.73507",SEM:MALLIFAU,SEM:GENMALLIFAU,Grenoble,Mallifaud,1,LaMetro
clusters,"45.19915,5.68284",SEM:MARAT,SEM:GENMARAT,Fontaine,Marat,1,LaMetro
clusters,"45.18245,5.72217",SEM:MARCEAU,SEM:GENMARCEAU,Grenoble,Marceau - Jardin des Vallons,1,LaMetro
clusters,"45.12553,5.69795",SEM:MARCELLI,SEM:GENMARCELLI,Le Pont-de-Claix,Marcelline,1,LaMetro
clusters,"45.11483,5.80766",SEM:MARCHAND,SEM:GENMARCHAND,Vaulnaveys-le-Haut,Marchandises,1,LaMetro
clusters,"45.16486,5.68915",SEM:MARCSANG,SEM:GENMARCSANG,Seyssins,Marc Sangnier,1,LaMetro
clusters,"45.2081,5.69661",SEM:MARESIST,SEM:GENMARESIST,Grenoble,Martyrs - Résistance,1,LaMetro
clusters,"45.13495,5.69291",SEM:MARIANNE,SEM:GENMARIANNE,Le Pont-de-Claix,Marianne,1,LaMetro
clusters,"45.14523,5.71704",SEM:MARIECUR,SEM:GENMARIECUR,Échirolles,Marie Curie,1,LaMetro
clusters,"45.14162,5.74135",SEM:MARITELL,SEM:GENMARITELL,Bresson,La Maritelle,1,LaMetro
clusters,"45.27636,5.61105",SEM:MARRONNI,SEM:GENMARRONNI,Veurey-Voroize,Les Marronniers,1,LaMetro
clusters,"45.16727,5.69424",SEM:MASDESIL,SEM:GENMASDESIL,Seyssins,Mas des Iles,1,LaMetro
clusters,"45.06078,5.68819",SEM:MASGARNI,SEM:GENMASGARNI,Vif,Mas Garni,1,LaMetro
clusters,"45.05194,5.67464",SEM:MASSEGU,SEM:GENMASSEGU,Vif,Le Masségu,1,LaMetro
clusters,"45.16771,5.72108",SEM:MASSENET,SEM:GENMASSENET,Grenoble,Massenet,1,LaMetro
clusters,"45.10558,5.74645",SEM:MAUPERTJ,SEM:GENMAUPERTJ,Jarrie,Maupertuis,1,LaMetro
clusters,"45.21285,5.79719",SEM:MAUPERTU,SEM:GENMAUPERTU,Meylan,Maupertuis,1,LaMetro
clusters,"45.18491,5.77895",SEM:MAYENCIN,SEM:GENMAYENCIN,Gières,Mayencin - Champ Roman,1,LaMetro
clusters,"45.07973,5.66297",SEM:MEINGET,SEM:GENMEINGET,Saint-Paul-de-Varces,Le Meinget,1,LaMetro
clusters,"45.12164,5.78504",SEM:METRA,SEM:GENMETRA,Brié-et-Angonnes,Les Métraux,1,LaMetro
clusters,"45.20928,5.7785",SEM:MEYLMAIR,SEM:GENMEYLMAIR,Meylan,Meylan Mairie,1,LaMetro
clusters,"45.20028,5.74533",SEM:MICHALLO,SEM:GENMICHALLO,La Tronche,Michallon,1,LaMetro
clusters,"44.97466,5.621",SEM:MIRIBEL,SEM:GENMIRIBEL,Miribel-Lanchâtre,Miribel,1,LaMetro
clusters,"45.22364,5.7678",SEM:MOLLARD,SEM:GENMOLLARD,Corenc,Rochasson,1,LaMetro
clusters,"45.21361,5.65249",SEM:MOLLARDP,SEM:GENMOLLARDP,Sassenage,Mollard Pichon,1,LaMetro
clusters,"45.26467,5.7742",SEM:MOLLARSA,SEM:GENMOLLARSA,Le Sappey-en-Chartreuse,Les Jonquilles,1,LaMetro
clusters,"45.15354,5.71188",SEM:MONMOUSS,SEM:GENMONMOUSS,Échirolles,Monmousseau,1,LaMetro
clusters,"45.09498,5.76482",SEM:MONTCHAV,SEM:GENMONTCHAV,Montchaboud,Montchaboud Le Village,1,LaMetro
clusters,"45.21204,5.75709",SEM:MONTFLEU,SEM:GENMONTFLEU,Corenc,Montfleury,1,LaMetro
clusters,"45.22998,5.78981",SEM:MONTLIVE,SEM:GENMONTLIVE,Meylan,Montlivet,1,LaMetro
clusters,"45.25575,5.74284",SEM:MONTQUAI,SEM:GENMONTQUAI,Quaix-en-Chartreuse,Mont-Quaix,1,LaMetro
clusters,"45.217,5.7536",SEM:MONUMENT,SEM:GENMONUMENT,Corenc,Monument,1,LaMetro
clusters,"45.25405,5.69438",SEM:MORE,SEM:GENMORE,Proveysieux,Moretière,1,LaMetro
clusters,"45.19635,5.82887",SEM:MORTES,SEM:GENMORTES,Domène,Les Mortes,1,LaMetro
clusters,"45.12579,5.68096",SEM:MOUCHERO,SEM:GENMOUCHERO,Claix,Moucherotte,1,LaMetro
clusters,"45.01516,5.7045",SEM:MOULIN,SEM:GENMOULIN,Notre-Dame-de-Commiers,Le Moulin,1,LaMetro
clusters,"45.179,5.73179",SEM:MOUNIER,SEM:GENMOUNIER,Grenoble,Mounier,1,LaMetro
clusters,"45.22838,5.68422",SEM:MOUTONNE,SEM:GENMOUTONNE,Saint-Égrève,Moutonnées,1,LaMetro
clusters,"45.22618,5.68616",SEM:MURET,SEM:GENMURET,Saint-Égrève,Muret,1,LaMetro
clusters,"45.21549,5.77954",SEM:MURIERS,SEM:GENMURIERS,Meylan,Les Mûriers,1,LaMetro
clusters,"45.19497,5.72614",SEM:MUSEEDAU,SEM:GENMUSEEDAU,Grenoble,Musée Dauphinois,1,LaMetro
clusters,"45.14878,5.70172",SEM:MUSGEOCH,SEM:GENMUSGEOCH,Échirolles,Musée Géo Charles,1,LaMetro
clusters,"45.20564,5.74888",SEM:MUSHEBER,SEM:GENMUSHEBER,La Tronche,Musée Hébert,1,LaMetro
clusters,"45.19046,5.73663",SEM:MUTUALIT,SEM:GENMUTUALIT,Grenoble,Mutualité,1,LaMetro
clusters,"45.27232,5.67853",SEM:NAMIERE,SEM:GENNAMIERE,Mont-Saint-Martin,Chemin de Namière,1,LaMetro
clusters,"45.21398,5.71026",SEM:NARBONNE,SEM:GENNARBONNE,Saint-Martin-le-Vinoux,Narbonne,1,LaMetro
clusters,"45.15627,5.70842",SEM:NAVIS,SEM:GENNAVIS,Échirolles,Navis,1,LaMetro
clusters,"45.00967,5.70015",SEM:NDCV,SEM:GENNDCV,Notre-Dame-de-Commiers,Notre-Dame-de-Commiers Le Village,1,LaMetro
clusters,"45.21782,5.69334",SEM:NERON,SEM:GENNERON,Saint-Martin-le-Vinoux,Néron,1,LaMetro
clusters,"45.18669,5.75716",SEM:NEYRBELL,SEM:GENNEYRBELL,Saint-Martin-d'Hères,Neyrpic - Belledonne,1,LaMetro
clusters,"45.11993,5.69255",SEM:POMPIDOU,SEM:GENPOMPIDOU,Claix,Pompidou,1,LaMetro
clusters,"45.17597,5.7372",SEM:PONSARD,SEM:GENPONSARD,Grenoble,Ponsard,1,LaMetro
clusters,"45.08736,5.69011",SEM:NODAMLAC,SEM:GENNODAMLAC,Varces-Allières-et-Risset,Notre-Dame de Lachal,1,LaMetro
clusters,"45.20915,5.79489",SEM:NORBSEGA,SEM:GENNORBSEGA,Meylan,Norbert Ségard,1,LaMetro
clusters,"45.19358,5.73214",SEM:NOTREDAM,SEM:GENNOTREDAM,Grenoble,Notre-Dame - Musée,1,LaMetro
clusters,"45.24292,5.63217",SEM:NOYARBAS,SEM:GENNOYARBAS,Noyarey,Bascule,1,LaMetro
clusters,"45.23891,5.63425",SEM:NOYARSTJ,SEM:GENNOYARSTJ,Noyarey,Saint-Jean,1,LaMetro
clusters,"45.15273,5.74876",SEM:ODYSSEE,SEM:GENODYSSEE,Eybens,Odyssée,1,LaMetro
clusters,"45.21506,5.76867",SEM:OISEAUX,SEM:GENOISEAUX,Corenc,Les Oiseaux,1,LaMetro
clusters,"45.19819,5.83412",SEM:ORATOIRE,SEM:GENORATOIRE,Domène,L'Oratoire,1,LaMetro
clusters,"45.08937,5.68355",SEM:ORIEL,SEM:GENORIEL,Varces-Allières-et-Risset,L'Oriel,1,LaMetro
clusters,"45.20967,5.66695",SEM:OVALIE,SEM:GENOVALIE,Sassenage,L'Ovalie,1,LaMetro
clusters,"45.17395,5.76074",SEM:PABLONER,SEM:GENPABLONER,Saint-Martin-d'Hères,Pablo Neruda,1,LaMetro
clusters,"45.14464,5.69816",SEM:PABLOPIC,SEM:GENPABLOPIC,Échirolles,Collège Pablo Picasso,1,LaMetro
clusters,"45.21369,5.75287",SEM:PAJON,SEM:GENPAJON,Corenc,Charles Pajon,1,LaMetro
clusters,"45.27308,5.7657",SEM:PALAQUIT,SEM:GENPALAQUIT,Sarcenas,Col de Palaquit,1,LaMetro
clusters,"45.19164,5.71086",SEM:PALJUSTI,SEM:GENPALJUSTI,Grenoble,Palais de Justice - Gare,1,LaMetro
clusters,"45.11536,5.66589",SEM:PAMPRES,SEM:GENPAMPRES,Claix,Les Pampres,1,LaMetro
clusters,"45.21658,5.652",SEM:PARCS,SEM:GENPARCS,Sassenage,Les Parcs,1,LaMetro
clusters,"45.17478,5.65879",SEM:PARISE,SEM:GENPARISE,Seyssinet-Pariset,Pariset,1,LaMetro
clusters,"45.1995,5.75527",SEM:PASCAL,SEM:GENPASCAL,La Tronche,Pascal,1,LaMetro
clusters,"45.17226,5.74478",SEM:PAULCOCA,SEM:GENPAULCOCA,Grenoble,Paul Cocat,1,LaMetro
clusters,"45.16512,5.74887",SEM:PAULELUA,SEM:GENPAULELUA,Saint-Martin-d'Hères,Paul Eluard,1,LaMetro
clusters,"45.01148,5.70161",SEM:PAUT,SEM:GENPAUT,Notre-Dame-de-Commiers,Les Pauttats,1,LaMetro
clusters,"45.1084,5.67425",SEM:PAVILLON,SEM:GENPAVILLON,Varces-Allières-et-Risset,Pavillon,1,LaMetro
clusters,"45.17336,5.73851",SEM:PCLAUDEL,SEM:GENPCLAUDEL,Grenoble,Paul Claudel,1,LaMetro
clusters,"45.0577,5.77102",SEM:PEAGEDEV,SEM:GENPEAGEDEV,Vizille,Le Péage,1,LaMetro
clusters,"45.07057,5.67506",SEM:PELISIER,SEM:GENPELISIER,Varces-Allières-et-Risset,Pélissière,1,LaMetro
clusters,"45.15084,5.71482",SEM:PELLOUTI,SEM:GENPELLOUTI,Échirolles,Fernand Pelloutier,1,LaMetro
clusters,"45.17016,5.68682",SEM:PERCEVAL,SEM:GENPERCEVAL,Seyssinet-Pariset,Percevalière,1,LaMetro
clusters,"45.18771,5.75142",SEM:PERIBROS,SEM:GENPERIBROS,Saint-Martin-d'Hères,Péri - Brossolette,1,LaMetro
clusters,"45.26209,5.6247",SEM:PERIERES,SEM:GENPERIERES,Veurey-Voroize,Perrières,1,LaMetro
clusters,"45.12456,5.67937",SEM:PEROUSES,SEM:GENPEROUSES,Claix,Les Pérouses,1,LaMetro
clusters,"45.18935,5.81079",SEM:PERRIERE,SEM:GENPERRIERE,Gières,La Perrière,1,LaMetro
clusters,"45.06225,5.69018",SEM:PETIBRIO,SEM:GENPETIBRIO,Vif,Le Petit Brion,1,LaMetro
clusters,"45.04571,5.70237",SEM:PEUPLE,SEM:GENPEUPLE,Saint-Georges-de-Commiers,Les Peupliers,1,LaMetro
clusters,"45.16287,5.6853",SEM:PFMITTER,SEM:GENPFMITTER,Seyssins,Parc François Mitterrand,1,LaMetro
clusters,"45.14728,5.71347",SEM:PHEROULT,SEM:GENPHEROULT,Échirolles,Paul Héroult,1,LaMetro
clusters,"45.18388,5.79852",SEM:PIEDGIER,SEM:GENPIEDGIER,Gières,Pied de Gières,1,LaMetro
clusters,"45.17956,5.76397",SEM:PIERCOUR,SEM:GENPIERCOUR,Saint-Martin-d'Hères,Pierre Courtade,1,LaMetro
clusters,"45.16664,5.74646",SEM:PIERRELO,SEM:GENPIERRELO,Saint-Martin-d'Hères,Pierre Loti,1,LaMetro
clusters,"45.18128,5.75712",SEM:PIERSEMA,SEM:GENPIERSEMA,Saint-Martin-d'Hères,Pierre Sémard,1,LaMetro
clusters,"45.23565,5.67549",SEM:PINEA,SEM:GENPINEA,Saint-Égrève,La Pinéa - St Robert,1,LaMetro
clusters,"45.20888,5.77538",SEM:PISBUCLO,SEM:GENPISBUCLO,Meylan,Piscine des Buclos,1,LaMetro
clusters,"45.11379,5.72863",SEM:PLACA,SEM:GENPLACA,Champagnier,Place du Laca,1,LaMetro
clusters,"45.195,5.72917",SEM:PLACECYM,SEM:GENPLACECYM,Grenoble,Place Cymaise,1,LaMetro
clusters,"45.25319,5.71732",SEM:PLACEQUA,SEM:GENPLACEQUA,Quaix-en-Chartreuse,Quaix-en-Chartreuse Place,1,LaMetro
clusters,"45.25948,5.77706",SEM:PLACESAP,SEM:GENPLACESAP,Le Sappey-en-Chartreuse,Le Sappey-en-Chartreuse Place,1,LaMetro
clusters,"45.15583,5.68083",SEM:PLACEVIL,SEM:GENPLACEVIL,Seyssins,Seyssins Village,1,LaMetro
clusters,"45.19588,5.69065",SEM:PLACMARC,SEM:GENPLACMARC,Fontaine,Place du Marché Cachin,1,LaMetro
clusters,"45.06686,5.69213",SEM:PLAINE,SEM:GENPLAINE,Vif,La Plaine,1,LaMetro
clusters,"45.18805,5.78421",SEM:PLAINEDS,SEM:GENPLAINEDS,Gières,Plaine des Sports,1,LaMetro
clusters,"45.20276,5.76139",SEM:PLAINEFL,SEM:GENPLAINEFL,Meylan,Plaine Fleurie,1,LaMetro
clusters,"45.20876,5.76321",SEM:PLALOUIS,SEM:GENPLALOUIS,Meylan,Place de la Louisiane,1,LaMetro
clusters,"45.27869,5.71357",SEM:PLANF,SEM:GENPLANF,Proveysieux,Planfay Bas,1,LaMetro
clusters,"45.27874,5.71787",SEM:PLANFAY,SEM:GENPLANFAY,Proveysieux,Planfay Haut,1,LaMetro
clusters,"45.08933,5.6777",SEM:PLATANES,SEM:GENPLATANES,Varces-Allières-et-Risset,Les Platanes,1,LaMetro
clusters,"45.16115,5.73994",SEM:PLGEANTS,SEM:GENPLGEANTS,Grenoble,Les Géants,1,LaMetro
clusters,"45.20682,5.66281",SEM:PLIBERAT,SEM:GENPLIBERAT,Sassenage,Place de la Libération,1,LaMetro
clusters,"45.18209,5.79257",SEM:PLREPUBL,SEM:GENPLREPUBL,Gières,Place de la République,1,LaMetro
clusters,"45.15715,5.73384",SEM:POLESUD,SEM:GENPOLESUD,Grenoble,Polesud - Alpexpo,1,LaMetro
clusters,"45.1486,5.72251",SEM:POLOTTI,SEM:GENPOLOTTI,Échirolles,Antoine Polotti,1,LaMetro
clusters,"45.28045,5.70961",SEM:POMAR,SEM:GENPOMAR,Proveysieux,Pomarey Bas,1,LaMetro
clusters,"45.28232,5.71079",SEM:POMAREY,SEM:GENPOMAREY,Proveysieux,Pomarey,1,LaMetro
clusters,"45.08765,5.67206",SEM:POMMERAI,SEM:GENPOMMERAI,Varces-Allières-et-Risset,La Pommeraie,1,LaMetro
clusters,"45.0875,5.73031",SEM:PONTCN,SEM:GENPONTCN,Champ-sur-Drac,Pont de Champ,1,LaMetro
clusters,"45.17823,5.79043",SEM:PONTDEV,SEM:GENPONTDEV,Gières,Pont de Venon,1,LaMetro
clusters,"45.02852,5.65171",SEM:PONTGENE,SEM:GENPONTGENE,Vif,Le Pont de Genevrey,1,LaMetro
clusters,"45.08679,5.78887",SEM:PONTMAS,SEM:GENPONTMAS,Vizille,Le Pont du Mas,1,LaMetro
clusters,"45.1814,5.76347",SEM:PORTAILR,SEM:GENPORTAILR,Saint-Martin-d'Hères,Portail Rouge,1,LaMetro
clusters,"45.18253,5.77665",SEM:PORTGRES,SEM:GENPORTGRES,Saint-Martin-d'Hères,Porte du Grésivaudan,1,LaMetro
clusters,"45.1211,5.67214",SEM:POSTE,SEM:GENPOSTE,Claix,Poste,1,LaMetro
clusters,"45.17088,5.75859",SEM:POTIE,SEM:GENPOTIE,Saint-Martin-d'Hères,Potié,1,LaMetro
clusters,"45.07444,5.66002",SEM:POULAT,SEM:GENPOULAT,Saint-Paul-de-Varces,Le Poulat,1,LaMetro
clusters,"45.22925,5.6497",SEM:PRAPARIS,SEM:GENPRAPARIS,Sassenage,Praparis Usine,1,LaMetro
clusters,"45.23226,5.64503",SEM:PRAPAROS,SEM:GENPRAPAROS,Noyarey,Praparis - Les Roses,1,LaMetro
clusters,"45.14405,5.7401",SEM:PREAUCR,SEM:GENPREAUCR,Eybens,Pré au Crêt,1,LaMetro
clusters,"45.02466,5.70658",SEM:PREBIL,SEM:GENPREBIL,Saint-Georges-de-Commiers,Pré du Bil,1,LaMetro
clusters,"45.23002,5.78733",SEM:PRECATLA,SEM:GENPRECATLA,Meylan,Pré Catlan,1,LaMetro
clusters,"45.22359,5.68827",SEM:PREDIEU,SEM:GENPREDIEU,Saint-Égrève,Fiancey - Prédieu,1,LaMetro
clusters,"45.20183,5.66763",SEM:PREFLEUR,SEM:GENPREFLEUR,Sassenage,Pré Fleury,1,LaMetro
clusters,"45.01693,5.6133",SEM:PRELENFR,SEM:GENPRELENFR,Le Gua,Prélenfrey Eglise,1,LaMetro
clusters,"45.15752,5.76412",SEM:PREMOL,SEM:GENPREMOL,Poisat,Cimetière Intercommunal,1,LaMetro
clusters,"45.15141,5.68039",SEM:PRENOUVE,SEM:GENPRENOUVE,Seyssins,Pré Nouvel,1,LaMetro
clusters,"45.10964,5.6884",SEM:PREORME,SEM:GENPREORME,Varces-Allières-et-Risset,Pré de l'Orme,1,LaMetro
clusters,"45.20613,5.6994",SEM:PRESQUIL,SEM:GENPRESQUIL,Grenoble,Oxford,1,LaMetro
clusters,"45.20489,5.83576",SEM:PRIEURE,SEM:GENPRIEURE,Domène,Le Prieuré,1,LaMetro
clusters,"45.16639,5.69055",SEM:PRISME,SEM:GENPRISME,Seyssins,Le Prisme,1,LaMetro
clusters,"45.18714,5.76958",SEM:PROMOSOC,SEM:GENPROMOSOC,Saint-Martin-d'Hères,Les Alpilles,1,LaMetro
clusters,"45.22111,5.76456",SEM:PROVIDEN,SEM:GENPROVIDEN,Corenc,Providence,1,LaMetro
clusters,"45.27608,5.61213",SEM:PTCHATEL,SEM:GENPTCHATEL,Veurey-Voroize,Petit Châtelard,1,LaMetro
clusters,"45.12288,5.6977",SEM:PTCLXMAI,SEM:GENPTCLXMAI,Le Pont-de-Claix,Pont-de-Claix Mairie,1,LaMetro
clusters,"45.11832,5.69254",SEM:PTROUGE,SEM:GENPTROUGE,Claix,Pont Rouge,1,LaMetro
clusters,"45.20195,5.73416",SEM:PTTRONCH,SEM:GENPTTRONCH,La Tronche,Petite Tronche,1,LaMetro
clusters,"45.23009,5.6823",SEM:PTVENCE,SEM:GENPTVENCE,Saint-Égrève,Pont de Vence,1,LaMetro
clusters,"45.19242,5.69961",SEM:PTVERCOR,SEM:GENPTVERCOR,Fontaine,Pont du Vercors,1,LaMetro
clusters,"45.17206,5.81643",SEM:PUIS,SEM:GENPUIS,Venon,Les Puis,1,LaMetro
clusters,"45.15149,5.70664",SEM:QUINZAIN,SEM:GENQUINZAIN,Échirolles,Quinzaine,1,LaMetro
clusters,"45.19505,5.72342",SEM:RABOT,SEM:GENRABOT,Grenoble,Le Rabot,1,LaMetro
clusters,"45.24868,5.66688",SEM:RAFOUR,SEM:GENRAFOUR,Fontanil-Cornillon,Rafour,1,LaMetro
clusters,"45.14948,5.71818",SEM:RAMPE,SEM:GENRAMPE,Échirolles,La Rampe - Centre-Ville,1,LaMetro
clusters,"45.15968,5.73822",SEM:RAYCHANA,SEM:GENRAYCHANA,Grenoble,Raymond Chanas,1,LaMetro
clusters,"45.2045,5.84416",SEM:RENECASS,SEM:GENRENECASS,Domène,René Cassin,1,LaMetro
clusters,"45.1209,5.78154",SEM:REPLAT,SEM:GENREPLAT,Brié-et-Angonnes,Le Replat,1,LaMetro
clusters,"45.20945,5.71644",SEM:REPOSOIR,SEM:GENREPOSOIR,Saint-Martin-le-Vinoux,Le Reposoir,1,LaMetro
clusters,"45.20733,5.76796",SEM:REVIREE,SEM:GENREVIREE,Meylan,La Revirée,1,LaMetro
clusters,"45.21205,5.76638",SEM:REVIREES,SEM:GENREVIREES,Meylan,Revirée - Sayettes,1,LaMetro
clusters,"45.17497,5.70522",SEM:RHINDANU,SEM:GENRHINDANU,Grenoble,Rosa Parks,1,LaMetro
clusters,"45.25164,5.69488",SEM:RIGAU,SEM:GENRIGAU,Proveysieux,Garcinière,1,LaMetro
clusters,"45.22682,5.72078",SEM:RIPAILLE,SEM:GENRIPAILLE,Saint-Martin-le-Vinoux,Ripaillère,1,LaMetro
clusters,"45.10724,5.67309",SEM:RISSET,SEM:GENRISSET,Varces-Allières-et-Risset,Risset,1,LaMetro
clusters,"45.19482,5.82455",SEM:RIVETS,SEM:GENRIVETS,Murianette,Les Rivets,1,LaMetro
clusters,"45.21493,5.65169",SEM:RIVOIRE,SEM:GENRIVOIRE,Sassenage,Rivoire de la Dame,1,LaMetro
clusters,"45.15985,5.75718",SEM:ROBESPIE,SEM:GENROBESPIE,Poisat,Robespierre,1,LaMetro
clusters,"45.10164,5.68534",SEM:ROCHEFOR,SEM:GENROCHEFOR,Varces-Allières-et-Risset,Le Rochefort,1,LaMetro
clusters,"45.1783,5.76236",SEM:ROCHEPLA,SEM:GENROCHEPLA,Saint-Martin-d'Hères,Rocheplane,1,LaMetro
clusters,"45.24459,5.67517",SEM:ROCHEPLE,SEM:GENROCHEPLE,Saint-Égrève,Rochepleine,1,LaMetro
clusters,"45.2432,5.67907",SEM:ROCHERES,SEM:GENROCHERES,Saint-Égrève,Rocher d'Escalade,1,LaMetro
clusters,"45.21501,5.66112",SEM:ROLLANDI,SEM:GENROLLANDI,Sassenage,La Rollandière,1,LaMetro
clusters,"45.08662,5.73067",SEM:ROMANCHE,SEM:GENROMANCHE,Champ-sur-Drac,Espace Navarre,1,LaMetro
clusters,"45.16072,5.70965",SEM:RONDEAU,SEM:GENRONDEAU,Grenoble,Marielle Franco - Rondeau,1,LaMetro
clusters,"45.09312,5.68375",SEM:RONDEURO,SEM:GENRONDEURO,Varces-Allières-et-Risset,Rond-Point de l'Europe,1,LaMetro
clusters,"45.12083,5.67593",SEM:RONZY,SEM:GENRONZY,Claix,La Ronzy,1,LaMetro
clusters,"45.17901,5.78101",SEM:ROSERAIE,SEM:GENROSERAIE,Gières,Roseraie,1,LaMetro
clusters,"45.11791,5.66739",SEM:ROSES,SEM:GENROSES,Claix,Les Roses,1,LaMetro
clusters,"45.01657,5.64083",SEM:ROSSETS,SEM:GENROSSETS,Le Gua,Les Rossets,1,LaMetro
clusters,"45.24812,5.73164",SEM:ROUDIER,SEM:GENROUDIER,Quaix-en-Chartreuse,Roudier,1,LaMetro
clusters,"45.25488,5.7048",SEM:ROUSTEGR,SEM:GENROUSTEGR,Quaix-en-Chartreuse,Route de Saint-Egrève,1,LaMetro
clusters,"45.08706,5.70241",SEM:ROZATIER,SEM:GENROZATIER,Varces-Allières-et-Risset,Rozatière,1,LaMetro
clusters,"45.19799,5.68087",SEM:RUEALPES,SEM:GENRUEALPES,Fontaine,Rue des Alpes,1,LaMetro
clusters,"45.19235,5.69252",SEM:RUEPAIX,SEM:GENRUEPAIX,Fontaine,Curie - Vercors,,LaMetro
clusters,"45.19421,5.69473",SEM:RUEPASTE,SEM:GENRUEPASTE,Fontaine,Rue Pasteur,1,LaMetro
clusters,"45.14932,5.74122",SEM:RUIRES,SEM:GENRUIRES,Eybens,Les Ruires-Boétie,1,LaMetro
clusters,"45.25007,5.63156",SEM:RUISSET,SEM:GENRUISSET,Noyarey,Le Ruisset,1,LaMetro
clusters,"45.19647,5.75206",SEM:SABLONS,SEM:GENSABLONS,La Tronche,Sablons,1,LaMetro
clusters,"45.07081,5.69538",SEM:SACRISTI,SEM:GENSACRISTI,Vif,Rue de la Sacristie,1,LaMetro
clusters,"45.02463,5.6458",SEM:SAILLANT,SEM:GENSAILLANT,Le Gua,Les Saillants,1,LaMetro
clusters,"45.24926,5.76534",SEM:SAINTEYN,SEM:GENSAINTEYN,Le Sappey-en-Chartreuse,Saint-Eynard,1,LaMetro
clusters,"45.11203,5.68452",SEM:SAINTMIC,SEM:GENSAINTMIC,Claix,Saint-Michel,1,LaMetro
clusters,"45.02819,5.70607",SEM:SAINTPE,SEM:GENSAINTPE,Saint-Georges-de-Commiers,Saint-Pierre Eglise,1,LaMetro
clusters,"45.17566,5.70887",SEM:SALENGRO,SEM:GENSALENGRO,Grenoble,Salengro,1,LaMetro
clusters,"45.08261,5.73371",SEM:SALLEZOL,SEM:GENSALLEZOL,Champ-sur-Drac,Zola - Mairie,1,LaMetro
clusters,"45.2734,5.75861",SEM:SARCENA,SEM:GENSARCENA,Sarcenas,Sarcenas Le Village,1,LaMetro
clusters,"45.27669,5.75747",SEM:SARCROZ,SEM:GENSARCROZ,Sarcenas,Pont du Croz,1,LaMetro
clusters,"45.16188,5.74176",SEM:SAULES,SEM:GENSAULES,Eybens,Les Saules,1,LaMetro
clusters,"45.19239,5.69687",SEM:SAVEUIL,SEM:GENSAVEUIL,Fontaine,Saveuil,1,LaMetro
clusters,"45.27833,5.70833",SEM:SAVOY,SEM:GENSAVOY,Proveysieux,Savoyardière,1,LaMetro
clusters,"45.18032,5.69707",SEM:SEYHDV,SEM:GENSEYHDV,Seyssinet-Pariset,Seyssinet-Pariset Hôtel de Ville,1,LaMetro
clusters,"45.16035,5.69373",SEM:SEYSROND,SEM:GENSEYSROND,Seyssins,Seyssins Rondeau,1,LaMetro
clusters,"45.15628,5.68128",SEM:SEYSVILL,SEM:GENSEYSVILL,Seyssinet-Pariset,Seyssins Village,1,LaMetro
clusters,"45.15628,5.68128",SEM:SEYVILLA,SEM:GENSEYVILLA,Seyssins,Seyssins Village,,LaMetro
clusters,"45.11612,5.75778",SEM:SIMIA,SEM:GENSIMIA,Jarrie,Les Simianes,1,LaMetro
clusters,"45.16512,5.76552",SEM:SMHVILLA,SEM:GENSMHVILLA,Saint-Martin-d'Hères,Saint-Martin-d'Hères Village,1,LaMetro
clusters,"45.20387,5.71634",SEM:SMVINOUX,SEM:GENSMVINOUX,Saint-Martin-le-Vinoux,Place du Village,1,LaMetro
clusters,"45.17052,5.68074",SEM:SNETVILA,SEM:GENSNETVILA,Seyssinet-Pariset,Seyssinet Village,1,LaMetro
clusters,"45.18161,5.78271",SEM:SONNANT,SEM:GENSONNANT,Gières,Le Sonnant,1,LaMetro
clusters,"45.25036,5.73532",SEM:SOUSFRET,SEM:GENSOUSFRET,Quaix-en-Chartreuse,Sous La Frette,1,LaMetro
clusters,"45.1703,5.81077",SEM:SOUSPERO,SEM:GENSOUSPERO,Venon,Sous-Perroud,1,LaMetro
clusters,"45.13061,5.77825",SEM:SOUVE,SEM:GENSOUVE,Brié-et-Angonnes,Souveyron,1,LaMetro
clusters,"45.12799,5.78511",SEM:SOUVEVI,SEM:GENSOUVEVI,Brié-et-Angonnes,Le Coin,1,LaMetro
clusters,"45.07167,5.6426",SEM:SPAULMAI,SEM:GENSPAULMAI,Saint-Paul-de-Varces,Saint-Paul-de-Varces Place,1,LaMetro
clusters,"45.1435,5.72943",SEM:STADE,SEM:GENSTADE,Échirolles,Stade,1,LaMetro
clusters,"45.07559,5.72718",SEM:STADEPER,SEM:GENSTADEPER,Champ-sur-Drac,Stade Perrouault,1,LaMetro
clusters,"45.16429,5.71097",SEM:STADLESD,SEM:GENSTADLESD,Grenoble,Stade Lesdiguières,1,LaMetro
clusters,"45.17172,5.72435",SEM:STALALLI,SEM:GENSTALALLI,Grenoble,Stalingrad-Alliés,1,LaMetro
clusters,"45.17827,5.74591",SEM:STAUGUST,SEM:GENSTAUGUST,Grenoble,Saint-Augustin,1,LaMetro
clusters,"44.99986,5.62946",SEM:STBARTHE,SEM:GENSTBARTHE,Le Gua,Saint-Barthélémy,1,LaMetro
clusters,"45.18592,5.71403",SEM:STBRUNNC,SEM:GENSTBRUNNC,Grenoble,Chorier - Saint-Bruno,1,LaMetro
clusters,"45.18833,5.71351",SEM:STBRUNO,SEM:GENSTBRUNO,Grenoble,Saint-Bruno,1,LaMetro
clusters,"45.09683,5.68367",SEM:STEANGE,SEM:GENSTEANGE,Varces-Allières-et-Risset,Saint-Ange,1,LaMetro
clusters,"45.19146,5.73067",SEM:STECLAIR,SEM:GENSTECLAIR,Grenoble,Sainte-Claire - Les Halles,1,LaMetro
clusters,"45.23531,5.67151",SEM:STEGVGAR,SEM:GENSTEGVGAR,Saint-Égrève,Saint Egrève Gare,1,LaMetro
clusters,"45.0871,5.68586",SEM:STEND,SEM:GENSTEND,Varces-Allières-et-Risset,Stendhal,1,LaMetro
clusters,"45.20113,5.69021",SEM:STEYNARD,SEM:GENSTEYNARD,Fontaine,Saint-Eynard,1,LaMetro
clusters,"45.04363,5.70174",SEM:STGCOMMI,SEM:GENSTGCOMMI,Saint-Georges-de-Commiers,Saint-Georges-de-Commiers Gare,1,LaMetro
clusters,"45.21015,5.74408",SEM:STGERMAI,SEM:GENSTGERMAI,La Tronche,Saint-Germain,1,LaMetro
clusters,"45.21282,5.77305",SEM:STJBOSCO,SEM:GENSTJBOSCO,Meylan,Saint-Jean Bosco,1,LaMetro
clusters,"45.19802,5.73257",SEM:STLAUREN,SEM:GENSTLAUREN,Grenoble,Saint-Laurent,1,LaMetro
clusters,"45.21947,5.78613",SEM:STMURY,SEM:GENSTMURY,Meylan,Saint-Mury,1,LaMetro
clusters,"45.19129,5.73851",SEM:STROCH,SEM:GENSTROCH,Grenoble,Saint-Roch,1,LaMetro
clusters,"45.2286,5.78928",SEM:STVICTOR,SEM:GENSTVICTOR,Meylan,Saint-Victor,1,LaMetro
clusters,"45.15846,5.72192",SEM:SURIEUX,SEM:GENSURIEUX,Échirolles,Surieux,1,LaMetro
clusters,"45.19215,5.75784",SEM:TAILLEES,SEM:GENTAILLEES,Saint-Martin-d'Hères,Les Taillées - Universités,1,LaMetro
clusters,"45.11315,5.66577",SEM:TAILLIS,SEM:GENTAILLIS,Claix,Les Taillis,1,LaMetro
clusters,"45.13628,5.77037",SEM:TAVER,SEM:GENTAVER,Brié-et-Angonnes,Tavernolles,1,LaMetro
clusters,"45.17081,5.74016",SEM:TEISSEIR,SEM:GENTEISSEIR,Grenoble,Teisseire,1,LaMetro
clusters,"45.16914,5.79285",SEM:TERRATS,SEM:GENTERRATS,Gières,Les Terrats,1,LaMetro
clusters,"45.20999,5.76693",SEM:TERRAY,SEM:GENTERRAY,Meylan,Lionel Terray,1,LaMetro
clusters,"45.11571,5.75102",SEM:THEVE,SEM:GENTHEVE,Jarrie,Les Thévenets,1,LaMetro
clusters,"45.09132,5.79162",SEM:TRAVERS,SEM:GENTRAVERS,Vaulnaveys-le-Bas,Les Travers,1,LaMetro
clusters,"45.20446,5.66499",SEM:TREFFORI,SEM:GENTREFFORI,Sassenage,Trefforine,1,LaMetro
clusters,"45.22639,5.79109",SEM:TREILLE,SEM:GENTREILLE,Meylan,La Treille,1,LaMetro
clusters,"45.18971,5.72476",SEM:TROISDAU,SEM:GENTROISDAU,Grenoble,Victor Hugo,1,LaMetro
clusters,"45.20123,5.74184",SEM:TRONCHOP,SEM:GENTRONCHOP,La Tronche,La Tronche Hôpital,1,LaMetro
clusters,"45.16906,5.69215",SEM:TUILERIE,SEM:GENTUILERIE,Seyssins,Tuilerie,1,LaMetro
clusters,"45.06063,5.66856",SEM:URIOL,SEM:GENURIOL,Vif,Uriol,1,LaMetro
clusters,"45.03,5.65281",SEM:USINENOR,SEM:GENUSINENOR,Vif,L'Usine Nord,1,LaMetro
clusters,"45.1069,5.66532",SEM:VALALLIE,SEM:GENVALALLIE,Claix,Val d'Allières,1,LaMetro
clusters,"45.15905,5.74558",SEM:VALEYBEN,SEM:GENVALEYBEN,Eybens,Val d'Eybens,1,LaMetro
clusters,"45.18002,5.70558",SEM:VALLCATA,SEM:GENVALLCATA,Grenoble,Vallier - Catane,1,LaMetro
clusters,"45.18013,5.71608",SEM:VALLIBE,SEM:GENVALLIBE,Grenoble,Vallier - Libération,1,LaMetro
clusters,"45.18719,5.7448",SEM:VALMY,SEM:GENVALMY,Grenoble,Flandrin - Valmy,1,LaMetro
clusters,"45.08635,5.68298",SEM:VARCESRE,SEM:GENVARCESRE,Varces-Allières-et-Risset,République,1,LaMetro
clusters,"45.14303,5.70002",SEM:VASSIEUX,SEM:GENVASSIEUX,Échirolles,Vassieux,1,LaMetro
clusters,"45.10549,5.80042",SEM:VAULBAS,SEM:GENVAULBAS,Vaulnaveys-le-Bas,Vaulnaveys-Le-Bas Le Village,1,LaMetro
clusters,"45.11934,5.81099",SEM:VAULHAUT,SEM:GENVAULHAUT,Vaulnaveys-le-Haut,Vaulnaveys-Le-Haut Le Village,1,LaMetro
clusters,"45.08187,5.77163",SEM:VENARIA,SEM:GENVENARIA,Vizille,Vénaria,1,LaMetro
clusters,"45.22773,5.66846",SEM:VENCEECO,SEM:GENVENCEECO,Saint-Égrève,Vence EcoParc,1,LaMetro
clusters,"45.17165,5.80482",SEM:VENONMAI,SEM:GENVENONMAI,Venon,Venon Mairie,1,LaMetro
clusters,"45.20065,5.75103",SEM:VERCORS,SEM:GENVERCORS,La Tronche,Vercors,1,LaMetro
clusters,"45.14694,5.75428",SEM:VERDERET,SEM:GENVERDERET,Eybens,Le Verderet,1,LaMetro
clusters,"45.1883,5.73144",SEM:VERDUN,SEM:GENVERDUN,Grenoble,Verdun - Préfecture,1,LaMetro
clusters,"45.16193,5.71613",SEM:VERLAINE,SEM:GENVERLAINE,Grenoble,Verlaine,1,LaMetro
clusters,"45.20713,5.83398",SEM:VERNES,SEM:GENVERNES,Domène,Les Vernes,1,LaMetro
clusters,"45.09617,5.73978",SEM:VERNET,SEM:GENVERNET,Jarrie,Le Vernet Croix,1,LaMetro
clusters,"45.12558,5.67844",SEM:VERT,SEM:GENVERT,Claix,Vert Sapin,1,LaMetro
clusters,"45.27225,5.61564",SEM:VEUREYEG,SEM:GENVEUREYEG,Veurey-Voroize,Veurey Eglise,1,LaMetro
clusters,"45.27292,5.61302",SEM:VEUREYMA,SEM:GENVEUREYMA,Veurey-Voroize,Veurey Mairie,1,LaMetro
clusters,"45.26981,5.61825",SEM:VEUREYRI,SEM:GENVEUREYRI,Veurey-Voroize,La Rive,1,LaMetro
clusters,"45.19483,5.7248",SEM:VEYRET,SEM:GENVEYRET,Grenoble,Veyret,1,LaMetro
clusters,"45.18938,5.72499",SEM:VICTHUGO,SEM:GENVICTHUGO,Grenoble,Victor Hugo,,LaMetro
clusters,"45.21138,5.64977",SEM:VIEUXDON,SEM:GENVIEUXDON,Sassenage,Vieux donjon,1,LaMetro
clusters,"45.04824,5.68573",SEM:VIFGARE,SEM:GENVIFGARE,Vif,Vif Gare,1,LaMetro
clusters,"45.05301,5.67655",SEM:VIFGEND,SEM:GENVIFGEND,Vif,Rivalta,1,LaMetro
clusters,"45.05584,5.66897",SEM:VIFMAIRI,SEM:GENVIFMAIRI,Vif,Vif Mairie,1,LaMetro
clusters,"45.18923,5.77806",SEM:VIGNATE,SEM:GENVIGNATE,Gières,Vignate,1,LaMetro
clusters,"45.13809,5.74574",SEM:VIGNES,SEM:GENVIGNES,Bresson,Les Vignes,1,LaMetro
clusters,"45.16744,5.72338",SEM:VIGNY,SEM:GENVIGNY,Grenoble,Vigny,1,LaMetro
clusters,"45.14133,5.72057",SEM:VILLAGE,SEM:GENVILLAGE,Échirolles,Le Village,1,LaMetro
clusters,"45.16411,5.72404",SEM:VILLOLYM,SEM:GENVILLOLYM,Grenoble,Village Olympique,1,LaMetro
clusters,"45.23317,5.68606",SEM:VISANCOU,SEM:GENVISANCOU,Saint-Égrève,Visancourt,1,LaMetro
clusters,"45.07888,5.76947",SEM:VOHRIGEN,SEM:GENVOHRIGEN,Vizille,Parc Vöhringen,1,LaMetro
clusters,"45.1956,5.73009",SEM:XAVJOUVI,SEM:GENXAVJOUVI,Grenoble,Xavier Jouvin,1,LaMetro
clusters,"45.0569,5.68184",SEM:ZASPEYRE,SEM:GENZASPEYRE,Vif,Z.A. des Speyres,1,LaMetro
clusters,"45.16707,5.75354",SEM:ZELLAMEL,SEM:GENZELLAMEL,Saint-Martin-d'Hères,Zella Mehlis,1,LaMetro
clusters,"45.13853,5.69449",SEM:ZILES,SEM:GENZILES,Le Pont-de-Claix,ZI des Iles,1,LaMetro
clusters,"44.97473,5.62094",C38:ST04324,C38:ST04324,Miribel-Lanchâtre,LE VILLAGE,1,LaMetro
clusters,"44.97005,5.60858",C38:ST04325,C38:ST04325,Miribel-Lanchâtre,Le Vernay,,LaMetro
clusters,"44.97995,5.62225",C38:ST04326,C38:ST04326,Miribel-Lanchâtre,Cassoulet,,LaMetro
clusters,"45.02779,5.65446",C38:ST04441,C38:ST04441,Vif,GENEVREY ECOLE,1,LaMetro
clusters,"45.00954,5.70025",C38:ST04445,C38:ST04445,Notre-Dame-de-Commiers,LE VILLAGE,1,LaMetro
clusters,"45.01512,5.70438",C38:ST04446,C38:ST04446,Notre-Dame-de-Commiers,LE MOULIN,,LaMetro
clusters,"45.01145,5.70156",C38:ST04447,C38:ST04447,Notre-Dame-de-Commiers,LES PAUTTATS,,LaMetro
clusters,"45.02828,5.70598",C38:ST04448,C38:ST04448,Saint-Georges-de-Commiers,ST PIERRE-EGLISE,1,LaMetro
clusters,"45.02461,5.70654",C38:ST04449,C38:ST04449,Saint-Georges-de-Commiers,PRE DU BIL,,LaMetro
clusters,"45.02657,5.66212",C38:ST04450,C38:ST04450,Vif,LE SERF DE VIF,1,LaMetro
clusters,"45.02115,5.66083",C38:ST04451,C38:ST04451,Vif,GIRARDIERE,1,LaMetro
clusters,"45.03096,5.66417",C38:ST04452,C38:ST04452,Vif,ALLEE DU POYET,1,LaMetro
clusters,"45.03845,5.70576",C38:ST04621,C38:ST04621,Saint-Georges-de-Commiers,LES GUIBERTS,,LaMetro
clusters,"45.07684,5.7255",C38:ST04622,C38:ST04622,Champ-sur-Drac,LE BOUTEY,1,LaMetro
clusters,"45.07099,5.72288",C38:ST04623,C38:ST04623,Champ-sur-Drac,CHEMIN DU CLOUD,1,LaMetro
clusters,"45.03812,5.70411",C38:ST04625,C38:ST04625,Saint-Georges-de-Commiers,LA TOUR,,LaMetro
clusters,"45.04376,5.70655",C38:ST04626,C38:ST04626,Saint-Georges-de-Commiers,LES CONDAMINES,,LaMetro
clusters,"45.05199,5.71036",C38:ST04627,C38:ST04627,Saint-Georges-de-Commiers,LE CANAL,,LaMetro
clusters,"45.05301,5.67657",C38:ST04629,C38:ST04629,Vif,Rivalta,,LaMetro
clusters,"45.04002,5.67119",C38:ST04631,C38:ST04631,Vif,LE CROZET,1,LaMetro
clusters,"45.05239,5.67205",C38:ST04632,C38:ST04632,Vif,COLLEGE LE MASSEGU,1,LaMetro
clusters,"45.04856,5.70652",C38:ST04633,C38:ST04633,Saint-Georges-de-Commiers,LES ISLES,,LaMetro
clusters,"45.04346,5.70155",C38:ST04634,C38:ST04634,Saint-Georges-de-Commiers,LA GARE,1,LaMetro
clusters,"45.04347,5.66446",C38:ST04635,C38:ST04635,Vif,Le Chalet,,LaMetro
clusters,"45.04908,5.66933",C38:ST04636,C38:ST04636,Vif,La Cime du Bourg,,LaMetro
clusters,"45.03926,5.66124",C38:ST04638,C38:ST04638,Vif,La Grange,,LaMetro
clusters,"45.05591,5.6688",C38:ST04639,C38:ST04639,Vif,Vif Mairie,,LaMetro
clusters,"45.05751,5.77095",C38:ST04644,C38:ST04644,Vizille,Le Péage,,LaMetro
clusters,"45.0531,5.778",C38:ST04645,C38:ST04645,Vizille,LE MANIGUET,1,LaMetro
clusters,"45.07503,5.77205",C38:ST04646,C38:ST04646,Vizille,Place du Château,,LaMetro
clusters,"45.07157,5.75776",C38:ST04648,C38:ST04648,Notre-Dame-de-Mésage,CAR.ROUTE DE MONTALEY,1,LaMetro
clusters,"45.06677,5.75406",C38:ST04652,C38:ST04652,Notre-Dame-de-Mésage,CAR.ROUTE DE ST-SAUVEUR,1,LaMetro
clusters,"45.06906,5.76689",C38:ST04653,C38:ST04653,Vizille,Vizille Lycée,,LaMetro
clusters,"45.05363,5.83468",C38:ST04659,C38:ST04659,Séchilienne,LE VILLAGE,1,LaMetro
clusters,"45.03798,5.80935",C38:ST04663,C38:ST04663,Saint-Barthélemy-de-Séchilienne,LE SAPPEY,1,LaMetro
clusters,"45.05344,5.82945",C38:ST04665,C38:ST04665,Séchilienne,LA GARE,1,LaMetro
clusters,"45.11879,5.70187",C38:ST04848,C38:ST04848,Le Pont-de-Claix,LES DEUX PONTS,1,LaMetro
clusters,"45.09447,5.7215",C38:ST04849,C38:ST04849,Champagnier,SAUT DU MOINE,1,LaMetro
clusters,"45.08609,5.6826",C38:ST04852,C38:ST04852,Varces-Allières-et-Risset,VARCES REPUBLIQUE,1,LaMetro
clusters,"45.08745,5.73033",C38:ST04859,C38:ST04859,Champ-sur-Drac,Pont de Champ,,LaMetro
clusters,"45.08661,5.77485",C38:ST04874,C38:ST04874,Vizille,Collège Les Mattons,,LaMetro
clusters,"45.08391,5.74235",C38:ST04881,C38:ST04881,Jarrie,LA GARE - RN85,1,LaMetro
clusters,"45.08854,5.73082",C38:ST04882,C38:ST04882,Champ-sur-Drac,Pont de Champ,,LaMetro
clusters,"45.07543,5.77837",C38:ST04893,C38:ST04893,Vizille,Les Allas,,LaMetro
clusters,"45.0816,5.78755",C38:ST04894,C38:ST04894,Vizille,Les Corniers,,LaMetro
clusters,"45.08202,5.76816",C38:ST04895,C38:ST04895,Vizille,L'Alliance,,LaMetro
clusters,"45.08678,5.7889",C38:ST04897,C38:ST04897,Vizille,Le Pont du Mas,,LaMetro
clusters,"45.1107,5.80406",C38:ST04902,C38:ST04902,Vaulnaveys-le-Bas,Maison Blanche,,LaMetro
clusters,"45.11992,5.82841",C38:ST04904,C38:ST04904,Vaulnaveys-le-Haut,BELMONT,1,LaMetro
clusters,"45.11517,5.83112",C38:ST04905,C38:ST04905,Vaulnaveys-le-Haut,MONTGARDIER,1,LaMetro
clusters,"45.11356,5.83653",C38:ST04906,C38:ST04906,Vaulnaveys-le-Haut,LE FUJAREY,1,LaMetro
clusters,"45.11961,5.81123",C38:ST04908,C38:ST04908,Vaulnaveys-le-Haut,Vaulnaveys-Le-Haut Le Village,,LaMetro
clusters,"45.14591,5.70486",C38:ST05122,C38:ST05122,Échirolles,Bayard,,LaMetro
clusters,"45.16932,5.71272",C38:ST05124,C38:ST05124,Grenoble,Louise Michel,,LaMetro
clusters,"45.15157,5.70677",C38:ST05126,C38:ST05126,Échirolles,Quinzaine,,LaMetro
clusters,"45.13178,5.70011",C38:ST05127,C38:ST05127,Le Pont-de-Claix,Iles de Mars,,LaMetro
clusters,"45.16099,5.66781",C38:ST05130,C38:ST05130,Seyssins,HAUTS DE SEYSSINS,1,LaMetro
clusters,"45.16383,5.71089",C38:ST05131,C38:ST05131,Grenoble,Stade Lesdiguières,,LaMetro
clusters,"45.13789,5.70217",C38:ST05132,C38:ST05132,Le Pont-de-Claix,L'Etoile,,LaMetro
clusters,"45.17051,5.68073",C38:ST05134,C38:ST05134,Seyssinet-Pariset,CENTRE-VILLAGE,1,LaMetro
clusters,"45.17094,5.66692",C38:ST05135,C38:ST05135,Seyssinet-Pariset,LA TOUR SANS VENIN,1,LaMetro
clusters,"45.12235,5.82961",C38:ST05176,C38:ST05176,Vaulnaveys-le-Haut,BELMONT LA CHAPELLE,1,LaMetro
clusters,"45.13089,5.81901",C38:ST05179,C38:ST05179,Vaulnaveys-le-Haut,Les Alberges,,LaMetro
clusters,"45.12908,5.82638",C38:ST05186,C38:ST05186,Vaulnaveys-le-Haut,LES ROUX,1,LaMetro
clusters,"45.12803,5.83504",C38:ST05190,C38:ST05190,Vaulnaveys-le-Haut,LES DAVIDS,1,LaMetro
clusters,"45.1631,5.81265",C38:ST05193,C38:ST05193,Venon,Le Chenil,,LaMetro
clusters,"45.13626,5.82448",C38:ST05200,C38:ST05200,Vaulnaveys-le-Haut,La Tuilerie,,LaMetro
clusters,"45.12419,5.83096",C38:ST05207,C38:ST05207,Vaulnaveys-le-Haut,BELMONT 3,1,LaMetro
clusters,"45.13095,5.8303",C38:ST05208,C38:ST05208,Vaulnaveys-le-Haut,LES BLANCHERES 2,1,LaMetro
clusters,"45.20675,5.66277",C38:ST05380,C38:ST05380,Sassenage,Place de la Libération,,LaMetro
clusters,"45.21227,5.66173",C38:ST05381,C38:ST05381,Sassenage,Château de Sassenage,,LaMetro
clusters,"45.21491,5.66119",C38:ST05382,C38:ST05382,Sassenage,La Rollandière,,LaMetro
clusters,"45.17487,5.65849",C38:ST05387,C38:ST05387,Seyssinet-Pariset,Pariset,,LaMetro
clusters,"45.21304,5.64477",C38:ST05388,C38:ST05388,Sassenage,LA DENT DU LOUP,,LaMetro
clusters,"45.218,5.64818",C38:ST05389,C38:ST05389,Sassenage,RIVOIRE DE LA DAME,,LaMetro
clusters,"45.19971,5.632",C38:ST05390,C38:ST05390,Sassenage,USINE,1,LaMetro
clusters,"45.20427,5.66511",C38:ST05391,C38:ST05391,Sassenage,PRE FLEURY,,LaMetro
clusters,"45.20527,5.7004",C38:ST05394,C38:ST05394,Grenoble,Oxford,,LaMetro
clusters,"45.18756,5.72705",C38:ST05397,C38:ST05397,Grenoble,Docteur Martin,,LaMetro
clusters,"45.18996,5.72444",C38:ST05400,C38:ST05400,Grenoble,Victor Hugo,,LaMetro
clusters,"45.18836,5.73111",C38:ST05401,C38:ST05401,Grenoble,Verdun - Préfecture,,LaMetro
clusters,"45.19151,5.71519",C38:ST05403,C38:ST05403,Grenoble,Gares,,LaMetro
clusters,"45.18544,5.73123",C38:ST05406,C38:ST05406,Grenoble,Chavant,,LaMetro
clusters,"45.17335,5.71412",C38:ST05409,C38:ST05409,Grenoble,Alliés,,LaMetro
clusters,"45.20243,5.70421",C38:ST05410,C38:ST05410,Grenoble,Marie-Louise Paris - CEA,,LaMetro
clusters,"45.17876,5.71596",C38:ST05411,C38:ST05411,Grenoble,VALLIER-LIBERATION (SUD),1,LaMetro
clusters,"45.19314,5.71417",C38:ST05414,C38:ST05414,Grenoble,GARE ROUTIERE,,LaMetro
clusters,"45.19053,5.72501",C38:ST05415,C38:ST05415,Grenoble,TROIS DAUPHINS,1,LaMetro
clusters,"45.19241,5.69651",C38:ST05416,C38:ST05416,Fontaine,SAVEUIL,,LaMetro
clusters,"45.1891,5.69428",C38:ST05417,C38:ST05417,Fontaine,Louis Maisonnat,,LaMetro
clusters,"45.18529,5.69461",C38:ST05424,C38:ST05424,Seyssinet-Pariset,Aristide Bergès,,LaMetro
clusters,"45.1882,5.71909",C38:ST05431,C38:ST05431,Grenoble,Alsace-Lorraine,,LaMetro
clusters,"45.19714,5.67241",C38:ST05432,C38:ST05432,Fontaine,La Poya,,LaMetro
clusters,"45.19531,5.71084",C38:ST05436,C38:ST05436,Grenoble,Cité Internationale,,LaMetro
clusters,"45.19955,5.66987",C38:ST05437,C38:ST05437,Sassenage,Les Pies,,LaMetro
clusters,"45.19126,5.72165",C38:ST05439,C38:ST05439,Grenoble,Docteur Mazet,,LaMetro
clusters,"45.17642,5.68792",C38:ST05440,C38:ST05440,Seyssinet-Pariset,Belvédère,,LaMetro
clusters,"45.21407,5.77905",C38:ST05444,C38:ST05444,Meylan,Lycée du Grésivaudan - Bachais,,LaMetro
clusters,"45.21376,5.75005",C38:ST05449,C38:ST05449,Corenc,LE RONDEAU,1,LaMetro
clusters,"45.18198,5.7809",C38:ST05450,C38:ST05450,Gières,COLLEGE LE CHAMANDIER,1,LaMetro
clusters,"45.18456,5.78709",C38:ST05451,C38:ST05451,Gières,INSTITUTION DON BOSCO,1,LaMetro
clusters,"45.21255,5.75916",C38:ST05453,C38:ST05453,Corenc,Montfleury,,LaMetro
clusters,"45.20718,5.78478",C38:ST05455,C38:ST05455,Meylan,TAILLEFER,1,LaMetro
clusters,"45.18883,5.73662",C38:ST05456,C38:ST05456,Grenoble,Bir Hakeim,,LaMetro
clusters,"45.18115,5.78832",C38:ST05459,C38:ST05459,Gières,Edelweiss,,LaMetro
clusters,"45.20494,5.77864",C38:ST05464,C38:ST05464,Meylan,COLLEGE DES BUCLOS,1,LaMetro
clusters,"45.21002,5.7667",C38:ST05465,C38:ST05465,Meylan,Lionel Terray,,LaMetro
clusters,"45.17345,5.78993",C38:ST05468,C38:ST05468,Gières,La Combe,,LaMetro
clusters,"45.16896,5.79329",C38:ST05469,C38:ST05469,Gières,Les Terrats,,LaMetro
clusters,"45.17395,5.76085",C38:ST05470,C38:ST05470,Saint-Martin-d'Hères,Pablo Neruda,,LaMetro
clusters,"45.20148,5.7423",C38:ST05481,C38:ST05481,La Tronche,La Tronche Hôpital,,LaMetro
clusters,"45.20562,5.74886",C38:ST05482,C38:ST05482,La Tronche,Musée Hébert,,LaMetro
clusters,"45.19168,5.77035",C38:ST05483,C38:ST05483,Saint-Martin-d'Hères,Bibliothèques Universitaires,1,LaMetro
clusters,"45.18595,5.76061",C38:ST05484,C38:ST05484,Saint-Martin-d'Hères,Clinique Belledonne,,LaMetro
clusters,"45.18442,5.76756",C38:ST05487,C38:ST05487,Saint-Martin-d'Hères,Champ Roman,,LaMetro
clusters,"45.19196,5.77504",C38:ST05488,C38:ST05488,Gières,Universités - Biologie,,LaMetro
clusters,"45.21244,5.7706",C38:ST05489,C38:ST05489,Meylan,Chaumetière,,LaMetro
clusters,"45.20759,5.78909",C38:ST05491,C38:ST05491,Meylan,INOVALLEE,1,LaMetro
clusters,"45.18554,5.78549",C38:ST05493,C38:ST05493,Gières,GARE UNIVERSITES (TRAMWAY),1,LaMetro
clusters,"45.18676,5.75675",C38:ST05495,C38:ST05495,Saint-Martin-d'Hères,Neyrpic - Belledonne,,LaMetro
clusters,"45.1849,5.78536",C38:ST05500,C38:ST05500,Gières,GARE UNIVERSITES (SNCF),1,LaMetro
clusters,"45.21163,5.77421",C38:ST05502,C38:ST05502,Meylan,Faculté de Pharmacie,,LaMetro
clusters,"45.20509,5.76455",C38:ST05503,C38:ST05503,Meylan,Aiguinards-Hexagone,,LaMetro
clusters,"45.21212,5.76685",C38:ST05508,C38:ST05508,Meylan,Revirée - Sayettes,,LaMetro
clusters,"45.19708,5.75322",C38:ST05509,C38:ST05509,La Tronche,Sablons,,LaMetro
clusters,"45.20738,5.76784",C38:ST05510,C38:ST05510,Meylan,La Revirée,,LaMetro
clusters,"45.20299,5.76149",C38:ST05511,C38:ST05511,Meylan,Plaine Fleurie,,LaMetro
clusters,"45.1875,5.73746",C38:ST05513,C38:ST05513,Grenoble,Grenoble Hôtel de Ville,,LaMetro
clusters,"45.2146,5.78098",C38:ST05514,C38:ST05514,Meylan,PARKING LYCEE GRESIVAUDAN,1,LaMetro
clusters,"45.19743,5.74655",C38:ST05516,C38:ST05516,La Tronche,Hôpital Michallon,,LaMetro
clusters,"45.19706,5.82826",C38:ST05517,C38:ST05517,Domène,COLLEGE LA MOULINIERE,1,LaMetro
clusters,"45.19807,5.83381",C38:ST05518,C38:ST05518,Domène,L'Oratoire,,LaMetro
clusters,"45.19216,5.81728",C38:ST05519,C38:ST05519,Murianette,Le Bourg,,LaMetro
clusters,"45.19418,5.82288",C38:ST05521,C38:ST05521,Murianette,Les Rivets,,LaMetro
clusters,"45.20234,5.83811",C38:ST05527,C38:ST05527,Domène,Domène Mairie,,LaMetro
clusters,"45.20756,5.84938",C38:ST05528,C38:ST05528,Domène,Les Arnauds,,LaMetro
clusters,"45.20769,5.83363",C38:ST05539,C38:ST05539,Domène,Les Vernes,,LaMetro
clusters,"45.20671,5.82732",C38:ST05540,C38:ST05540,Domène,Chenevières,,LaMetro
clusters,"45.20473,5.83595",C38:ST05541,C38:ST05541,Domène,Le Prieuré,,LaMetro
clusters,"45.19321,5.82013",C38:ST05545,C38:ST05545,Murianette,La Briot,,LaMetro
clusters,"45.19643,5.82917",C38:ST05551,C38:ST05551,Domène,Les Mortes,,LaMetro
clusters,"45.19025,5.81292",C38:ST05552,C38:ST05552,Murianette,La Perrière,1,LaMetro
clusters,"45.25837,5.65945",C38:ST05690,C38:ST05690,Fontanil-Cornillon,CROIX DE LA ROCHETTE,1,LaMetro
clusters,"45.25022,5.66511",C38:ST05691,C38:ST05691,Fontanil-Cornillon,LEP FRANCOISE DOLTO,1,LaMetro
clusters,"45.24991,5.63159",C38:ST05692,C38:ST05692,Noyarey,Le Ruisset,,LaMetro
clusters,"45.23857,5.63471",C38:ST05693,C38:ST05693,Noyarey,Saint-Jean,,LaMetro
clusters,"45.24287,5.63213",C38:ST05694,C38:ST05694,Noyarey,Bascule,,LaMetro
clusters,"45.24008,5.66663",C38:ST05696,C38:ST05696,Saint-Égrève,Cap38,,LaMetro
clusters,"45.2682,5.61939",C38:ST05697,C38:ST05697,Veurey-Voroize,Les Echalières,,LaMetro
clusters,"45.23645,5.63807",C38:ST05701,C38:ST05701,Noyarey,LES CHAULNES,1,LaMetro
clusters,"45.2365,5.66202",C38:ST05702,C38:ST05702,Saint-Égrève,SAN MARINO BARRAGE,1,LaMetro
clusters,"45.25958,5.62606",C38:ST05703,C38:ST05703,Veurey-Voroize,Iles Cordées,,LaMetro
clusters,"45.2233,5.79345",C38:ST05746,C38:ST05746,Meylan,La Détourbe,,LaMetro
clusters,"45.22106,5.79003",C38:ST05755,C38:ST05755,Meylan,Les Jaillières,,LaMetro
clusters,"45.21863,5.78664",C38:ST05757,C38:ST05757,Meylan,Saint-Mury,,LaMetro
clusters,"45.26981,5.61823",C38:ST06071,C38:ST06071,Veurey-Voroize,La Rive,,LaMetro
clusters,"45.27155,5.61931",C38:ST06072,C38:ST06072,Veurey-Voroize,VEUREY PONT,1,LaMetro
clusters,"45.20918,5.79484",C38:ST09059,C38:ST09059,Meylan,NORBERT SEGARD CNET,1,LaMetro
clusters,"45.20882,5.79762",C38:ST09060,C38:ST09060,Meylan,Busserolles,,LaMetro
clusters,"45.18922,5.77812",C38:ST09115,C38:ST09115,Gières,Vignate,,LaMetro
clusters,"45.25602,5.62811",C38:ST09142,C38:ST09142,Veurey-Voroize,La Cuche,,LaMetro
clusters,"45.19882,5.7503",C38:ST09154,C38:ST09154,La Tronche,Grand Sablon,,LaMetro
clusters,"45.08056,5.77466",C38:ST09157,C38:ST09157,Vizille,Chantefeuille,,LaMetro
clusters,"45.07733,5.76856",C38:ST09158,C38:ST09158,Vizille,Les Forges,,LaMetro
clusters,"45.1607,5.70986",C38:ST09181,C38:ST09181,Grenoble,MARIELLE FRANCO - RONDEAU,,LaMetro
clusters,"45.11064,5.70844",C38:ST09209,C38:ST09209,Le Pont-de-Claix,PONT DES VANNES,1,LaMetro
clusters,"45.19159,5.77587",C38:ST09243,C38:ST09243,Gières,Universités - Biologie,,LaMetro
clusters,"45.18935,5.77446",C38:ST09244,C38:ST09244,Saint-Martin-d'Hères,Condillac - Universités,,LaMetro
clusters,"45.20779,5.69715",C38:ST09281,C38:ST09281,Grenoble,Martyrs - Résistance,,LaMetro
clusters,"45.18806,5.73813",C38:ST09292,C38:ST09292,Grenoble,HOTEL DE VILLE-CHANRION,1,LaMetro
clusters,"45.1994,5.71313",C38:ST09296,C38:ST09296,Grenoble,DURAND SAVOYAT,1,LaMetro
clusters,"45.11453,5.70529",C38:ST09310,C38:ST09310,Le Pont-de-Claix,BEAU SITE,1,LaMetro
clusters,"45.18122,5.69449",C38:ST09315,C38:ST09315,Seyssinet-Pariset,Bouchayer - Hôtel de Ville,,LaMetro
clusters,"45.25489,5.66164",C38:ST09322,C38:ST09322,Fontanil-Cornillon,Palluel,,LaMetro
clusters,"45.17102,5.67324",C38:ST09327,C38:ST09327,Seyssinet-Pariset,LES VOUILLANTS,1,LaMetro
clusters,"45.06815,5.77009",C38:ST09328,C38:ST09328,Vizille,LYCEE (2),1,LaMetro
clusters,"45.17727,5.69353",C38:ST09344,C38:ST09344,Seyssinet-Pariset,Fauconnière,,LaMetro
clusters,"45.18027,5.71553",C38:ST09357,C38:ST09357,Grenoble,VALLIER-LIBERATION (OUEST),1,LaMetro
clusters,"45.17649,5.68144",C38:ST09358,C38:ST09358,Seyssinet-Pariset,ROUTE DE SAINT NIZIER,1,LaMetro
clusters,"45.1702,5.67794",C38:ST09359,C38:ST09359,Seyssinet-Pariset,LES VISANS,1,LaMetro
clusters,"45.22209,5.79354",C38:ST09381,C38:ST09381,Meylan,CHEMIN DE SAINT-MARTIN,1,LaMetro
clusters,"45.20851,5.75836",C38:ST09411,C38:ST09411,Meylan,Jules Flandrin,,LaMetro
clusters,"45.18007,5.70638",C38:ST09426,C38:ST09426,Grenoble,Vallier - Catane,,LaMetro
clusters,"45.12338,5.69802",C38:ST09431,C38:ST09431,Le Pont-de-Claix,Pont-de-Claix Mairie,,LaMetro
clusters,"45.16442,5.67152",C38:ST09489,C38:ST09489,Seyssinet-Pariset,BEL AIR,1,LaMetro
clusters,"45.1784,5.69193",C38:ST09503,C38:ST09503,Seyssinet-Pariset,MURAILLES,,LaMetro
clusters,"45.21415,5.63961",C38:ST09520,C38:ST09520,Sassenage,GRANDES COTES,1,LaMetro
clusters,"45.19268,5.71437",SNC:OCE87335521,SNC:OCE87335521,Grenoble,GARE ROUTIERE,,LaMetro
clusters,"45.193,5.76888",SNC:OCE87392829,SNC:OCE87392829,Saint-Martin-d'Hères,St-Martin-d'Hères,1,LaMetro
clusters,"45.1854,5.73146",SNC:OCE87697466,SNC:OCE87697466,Grenoble,Chavant,,LaMetro
clusters,"45.18913,5.72528",SNC:OCE87697474,SNC:OCE87697474,Grenoble,Victor Hugo,,LaMetro
clusters,"45.18626,5.72503",SNC:OCE87697482,SNC:OCE87697482,Grenoble,Champollion (SNCF),1,LaMetro
clusters,"45.19115,5.71369",SNC:OCE87697490,SNC:OCE87697490,Grenoble,Grenoble Europole,1,LaMetro
clusters,"45.12556,5.69798",SNC:OCE87697532,SNC:OCE87697532,"",Pont-Claix-TAG-Marcelli,1,LaMetro
clusters,"45.15272,5.71992",SNC:OCE87725895,SNC:OCE87725895,Échirolles,gare de Echirolles,1,LaMetro
clusters,"45.19533,5.71088",SNC:OCE87742056,SNC:OCE87742056,Grenoble,Grenoble Cité Internationale,1,LaMetro
clusters,"45.19147,5.71454",SNC:OCE87747006,SNC:OCE87747006,Grenoble,Gare de Grenoble,1,LaMetro
clusters,"45.2357,5.67119",SNC:OCE87747352,SNC:OCE87747352,Saint-Égrève,gare de St-Egrève-St-Robert,1,LaMetro
clusters,"45.18491,5.78474",SNC:OCE87747402,SNC:OCE87747402,Gières,Gare de Grenoble U.-Gières,1,LaMetro
clusters,"45.12517,5.69984",SNC:OCE87747519,SNC:OCE87747519,Le Pont-de-Claix,gare de Pont-de-Claix,1,LaMetro
clusters,"45.08541,5.74226",SNC:OCE87747535,SNC:OCE87747535,Jarrie,gare de Jarrie-Vizille,1,LaMetro
clusters,"45.04372,5.70118",SNC:OCE87747568,SNC:OCE87747568,Saint-Georges-de-Commiers,gare de St-Georges-de-Commiers,1,LaMetro
clusters,"45.04765,5.68542",SNC:OCE87747576,SNC:OCE87747576,Vif,gare de Vif,1,LaMetro
clusters,"45.17417,5.78998",GSV:5221,GSV:5221,Gières,LA COMBE,,LaMetro
clusters,"45.21074,5.79174",GSV:5045,GSV:5045,Meylan,LES BEALIERES,,LaMetro
clusters,"45.18105,5.78841",GSV:5211,GSV:5211,Gières,GIERES EDELWEISS,1,LaMetro
clusters,"45.20882,5.79769",GSV:GEN20090,GSV:GEN20090,Meylan,BUSSEROLLES,,LaMetro
clusters,"45.18837,5.73163",GSV:5207,GSV:5207,Grenoble,Verdun - Préfecture,,LaMetro
clusters,"45.20929,5.79458",GSV:GEN20088,GSV:GEN20088,Meylan,NORBERT SEGARD CNET,,LaMetro
clusters,"45.20456,5.84425",GSV:GEN13100,GSV:GEN13100,Domène,RENE CASSIN,,LaMetro
clusters,"45.2069,5.84792",GSV:GEN13056,GSV:GEN13056,Domène,DOMENE LES ARNAUDS,1,LaMetro
clusters,"45.16906,5.79307",GSV:5222,GSV:5222,Gières,LES TERRATS,,LaMetro
clusters,"45.18491,5.78535",GSV:GEN30057,GSV:GEN30057,Gières,GIERES GARE,1,LaMetro
clusters,"45.20729,5.834",GSV:GEN13078,GSV:GEN13078,Domène,LES VERNES,,LaMetro
clusters,"45.20454,5.83615",GSV:GEN13082,GSV:GEN13082,Domène,LE PRIEURE,,LaMetro
clusters,"45.20236,5.83816",GSV:GEN13054,GSV:GEN13054,Domène,DOMENE MAIRIE,,LaMetro
clusters,"45.16317,5.81224",GSV:5214,GSV:5214,Venon,LE CHENIL,,LaMetro
clusters,"45.25819,5.65938",TPV:S000966,TPV:S000966,Fontanil-Cornillon,CROIX DE ROCHETTE,1,LaMetro
clusters,"45.25037,5.66504",TPV:S000968,TPV:S000968,Fontanil-Cornillon,LEP F. DOLTO,1,LaMetro
clusters,"45.25813,5.6595",TPV:S001884,TPV:S001884,Fontanil-Cornillon,CROIX DE ROCHETTE,,LaMetro
clusters,"45.25469,5.66167",TPV:S001938,TPV:S001938,Fontanil-Cornillon,PALLUEL,,LaMetro
clusters,"45.25496,5.66169",TPV:S001050,TPV:S001050,Fontanil-Cornillon,PALLUEL,,LaMetro
clusters,"45.18731,5.73714",MCO:S170,MCO:S170,Grenoble,Hôtel de Ville,1,LaMetro
clusters,"45.19425,5.71862",MCO:S159,MCO:S159,Grenoble,Porte de France,1,LaMetro
clusters,"45.18016,5.70466",MCO:S202,MCO:S202,Grenoble,Catane,1,LaMetro
clusters,"45.18414,5.76851",MCO:S281,MCO:S281,Saint-Martin-d'Hères,Champ Roman,,LaMetro
clusters,"45.20545,5.70126",MCO:S158,MCO:S158,Grenoble,Pont d'Oxford,1,LaMetro
clusters,"45.198644,5.724519",BUL:S0001,BUL:BASTILLE,"",Téléphérique Grenoble-Bastille,1,LaMetro
clusters,"45.192984,5.726084",BUL:S0002,BUL:QUAIJAY,"",Quai Stéphane Jay,1,LaMetro
